token_address,pair_id,final_label_at_scan,return_pct,horizon,reject_reasons,liquidity_at_scan,liquidity_at_horizon,volume_at_scan,volume_at_horizon,became_illiquid,rugged,volume_disappeared
0xb77c45c2A8C29323061Aa0273A46283F1530eB5E,base:0x1e30475ed99bc21c6792c9c4f4f1224229b2c3e3b7b9c8723a8661b6f9923443,Watchlist,470.5760,15m,[],36492.1900,119531.1400,115284.7200,1533102.1500,0,0,0
0xb77c45c2A8C29323061Aa0273A46283F1530eB5E,base:0x1e30475ed99bc21c6792c9c4f4f1224229b2c3e3b7b9c8723a8661b6f9923443,Watchlist,470.5760,30m,[],36492.1900,119531.1400,115284.7200,1533102.1500,0,0,0
0xb77c45c2A8C29323061Aa0273A46283F1530eB5E,base:0x1e30475ed99bc21c6792c9c4f4f1224229b2c3e3b7b9c8723a8661b6f9923443,Watchlist,470.5760,1h,[],36492.1900,119531.1400,115284.7200,1533102.1500,0,0,0
0xb77c45c2A8C29323061Aa0273A46283F1530eB5E,base:0x1e30475ed99bc21c6792c9c4f4f1224229b2c3e3b7b9c8723a8661b6f9923443,Watchlist,470.5760,2h,[],36492.1900,119531.1400,115284.7200,1533102.1500,0,0,0
0xb77c45c2A8C29323061Aa0273A46283F1530eB5E,base:0x1e30475ed99bc21c6792c9c4f4f1224229b2c3e3b7b9c8723a8661b6f9923443,Watchlist,470.5760,4h,[],36492.1900,119531.1400,115284.7200,1533102.1500,0,0,0
0xF233Cb02e6944aF84a9DFFEaf11B88ea5B4fEb2e,base:0xbebfc588032de43a8c5d37737a29fd2950dea1fc76bdf0e3ff15f4d2229ab3b9,Momentum Trap,388.2764,2h,"[""early_extreme_overextension"",""too_early_after_large_pump""]",65348.3300,159218.8500,345887.6300,1942353.6000,0,0,0
0xF233Cb02e6944aF84a9DFFEaf11B88ea5B4fEb2e,base:0xbebfc588032de43a8c5d37737a29fd2950dea1fc76bdf0e3ff15f4d2229ab3b9,Momentum Trap,388.2764,4h,"[""early_extreme_overextension"",""too_early_after_large_pump""]",65348.3300,159218.8500,345887.6300,1942353.6000,0,0,0
0xA74f7dad0b4c603adA798E2FeE76bD8D6aDfe8ee,base:0x039b7089b25349f52fe75bd32db237b4c237fa7347c0cbedb494d507b7da9727,Watchlist,152.9155,15m,[],89528.4300,156639.1200,401263.4400,5028260.3000,0,0,0
0xA74f7dad0b4c603adA798E2FeE76bD8D6aDfe8ee,base:0x039b7089b25349f52fe75bd32db237b4c237fa7347c0cbedb494d507b7da9727,Watchlist,152.9155,1h,[],89528.4300,156639.1200,401263.4400,5028260.3000,0,0,0
0xA74f7dad0b4c603adA798E2FeE76bD8D6aDfe8ee,base:0x039b7089b25349f52fe75bd32db237b4c237fa7347c0cbedb494d507b7da9727,Watchlist,152.9155,4h,[],89528.4300,156639.1200,401263.4400,5028260.3000,0,0,0
0xA74f7dad0b4c603adA798E2FeE76bD8D6aDfe8ee,base:0x039b7089b25349f52fe75bd32db237b4c237fa7347c0cbedb494d507b7da9727,Watchlist,148.6152,24h,[],89528.4300,155922.9400,401263.4400,7216794.3100,0,0,0
0xF233Cb02e6944aF84a9DFFEaf11B88ea5B4fEb2e,base:0xbebfc588032de43a8c5d37737a29fd2950dea1fc76bdf0e3ff15f4d2229ab3b9,Momentum Trap,129.5807,15m,"[""early_extreme_overextension"",""too_early_after_large_pump""]",65348.3300,104804.2100,345887.6300,802285.5600,0,0,0
0xF233Cb02e6944aF84a9DFFEaf11B88ea5B4fEb2e,base:0xbebfc588032de43a8c5d37737a29fd2950dea1fc76bdf0e3ff15f4d2229ab3b9,Momentum Trap,129.5807,30m,"[""early_extreme_overextension"",""too_early_after_large_pump""]",65348.3300,104804.2100,345887.6300,802285.5600,0,0,0
0xF233Cb02e6944aF84a9DFFEaf11B88ea5B4fEb2e,base:0xbebfc588032de43a8c5d37737a29fd2950dea1fc76bdf0e3ff15f4d2229ab3b9,Momentum Trap,129.5807,1h,"[""early_extreme_overextension"",""too_early_after_large_pump""]",65348.3300,104804.2100,345887.6300,802285.5600,0,0,0
0xF233Cb02e6944aF84a9DFFEaf11B88ea5B4fEb2e,base:0xbebfc588032de43a8c5d37737a29fd2950dea1fc76bdf0e3ff15f4d2229ab3b9,Momentum Trap,123.6025,8h,"[""early_extreme_overextension"",""too_early_after_large_pump""]",65348.3300,103988.7900,345887.6300,2456287.0000,0,0,0
0xf41FaaCdD6b1D0Db127Ec16572B1CAC861F75544,base:0xad69cf15d7b9645ed79c87434e33b81a81b27ee6bece8c813ada2fbd39bc0824,Watchlist,100.4766,8h,[],60921.0000,103993.5000,988516.6700,1068217.1900,0,0,0
0x2d296830975789E8C0Bf5bfCc9982D331A07DB07,base:0x45724d20f2711c24065fe4fbc451438cbe680a17bb1703e9afd6b6fdea029947,Watchlist,-95.3642,24h,[],59939.6900,8367.7300,226553.1700,42.5100,1,1,1
0x2d296830975789E8C0Bf5bfCc9982D331A07DB07,base:0x45724d20f2711c24065fe4fbc451438cbe680a17bb1703e9afd6b6fdea029947,Watchlist,-95.3085,8h,[],59939.6900,8457.0200,226553.1700,267940.9800,1,1,0
0x2d296830975789E8C0Bf5bfCc9982D331A07DB07,base:0x45724d20f2711c24065fe4fbc451438cbe680a17bb1703e9afd6b6fdea029947,Watchlist,-95.2930,15m,[],59939.6900,8484.3700,226553.1700,267936.6500,1,1,0
0x2d296830975789E8C0Bf5bfCc9982D331A07DB07,base:0x45724d20f2711c24065fe4fbc451438cbe680a17bb1703e9afd6b6fdea029947,Watchlist,-95.2930,30m,[],59939.6900,8484.3700,226553.1700,267936.6500,1,1,0
0x2d296830975789E8C0Bf5bfCc9982D331A07DB07,base:0x45724d20f2711c24065fe4fbc451438cbe680a17bb1703e9afd6b6fdea029947,Watchlist,-95.2930,1h,[],59939.6900,8484.3700,226553.1700,267936.6500,1,1,0
0x2d296830975789E8C0Bf5bfCc9982D331A07DB07,base:0x45724d20f2711c24065fe4fbc451438cbe680a17bb1703e9afd6b6fdea029947,Watchlist,-95.2930,2h,[],59939.6900,8484.3700,226553.1700,267936.6500,1,1,0
0x2d296830975789E8C0Bf5bfCc9982D331A07DB07,base:0x45724d20f2711c24065fe4fbc451438cbe680a17bb1703e9afd6b6fdea029947,Watchlist,-95.2930,4h,[],59939.6900,8484.3700,226553.1700,267936.6500,1,1,0
0xCC80a655FED2907Edb40B98934bc6fa28418AB07,base:0xe2beeb34dcbb64c79fb0715c824959c4376717ba4d8a4bb7983a8bd7e1589ead,Watchlist,-95.0303,8h,[],112579.5800,15336.1700,108273.1800,244924.1300,1,1,0
0xCC80a655FED2907Edb40B98934bc6fa28418AB07,base:0xe2beeb34dcbb64c79fb0715c824959c4376717ba4d8a4bb7983a8bd7e1589ead,Watchlist,-95.0054,15m,[],112579.5800,15406.7100,108273.1800,244923.0200,1,1,0
0xCC80a655FED2907Edb40B98934bc6fa28418AB07,base:0xe2beeb34dcbb64c79fb0715c824959c4376717ba4d8a4bb7983a8bd7e1589ead,Watchlist,-95.0054,30m,[],112579.5800,15406.7100,108273.1800,244923.0200,1,1,0
0xCC80a655FED2907Edb40B98934bc6fa28418AB07,base:0xe2beeb34dcbb64c79fb0715c824959c4376717ba4d8a4bb7983a8bd7e1589ead,Watchlist,-95.0054,1h,[],112579.5800,15406.7100,108273.1800,244923.0200,1,1,0
0xCC80a655FED2907Edb40B98934bc6fa28418AB07,base:0xe2beeb34dcbb64c79fb0715c824959c4376717ba4d8a4bb7983a8bd7e1589ead,Watchlist,-95.0054,2h,[],112579.5800,15406.7100,108273.1800,244923.0200,1,1,0
0xCC80a655FED2907Edb40B98934bc6fa28418AB07,base:0xe2beeb34dcbb64c79fb0715c824959c4376717ba4d8a4bb7983a8bd7e1589ead,Watchlist,-95.0054,4h,[],112579.5800,15406.7100,108273.1800,244923.0200,1,1,0
0xCC80a655FED2907Edb40B98934bc6fa28418AB07,base:0xe2beeb34dcbb64c79fb0715c824959c4376717ba4d8a4bb7983a8bd7e1589ead,Watchlist,-95.0054,24h,[],112579.5800,15408.3600,108273.1800,1.3400,1,1,1
0x47647E481cB71D6b4475D6dd0065b34ce8Ca8844,base:0x87e3456cdd8874c999569f6382b1901a5e468cc78c2609e6b4397fb92886e374,Research Candidate,-93.8498,24h,[],136530.8900,21516.5500,946130.5700,1944533.1400,1,1,0
0xAbF3dd05De475901440f2eb8cF9c6F03d4Ab2b07,base:0x7d666f85844566b3a7b1b8e7302c2cfc2abd2c8f6a155f64ec27f185e6b99d0b,Weak Overextended Pump,-92.7478,24h,"[""hot_launch_buy_pressure_below_45_percent"",""hot_momentum_weak_buy_pressure"",""weak_overextended_pump""]",91657.9900,16105.0400,204899.8000,9.3000,1,1,1
0xAbF3dd05De475901440f2eb8cF9c6F03d4Ab2b07,base:0x7d666f85844566b3a7b1b8e7302c2cfc2abd2c8f6a155f64ec27f185e6b99d0b,Weak Overextended Pump,-92.5013,15m,"[""hot_launch_buy_pressure_below_45_percent"",""hot_momentum_weak_buy_pressure"",""weak_overextended_pump""]",91657.9900,16650.9300,204899.8000,412544.0300,1,1,0
0xAbF3dd05De475901440f2eb8cF9c6F03d4Ab2b07,base:0x7d666f85844566b3a7b1b8e7302c2cfc2abd2c8f6a155f64ec27f185e6b99d0b,Weak Overextended Pump,-92.5013,30m,"[""hot_launch_buy_pressure_below_45_percent"",""hot_momentum_weak_buy_pressure"",""weak_overextended_pump""]",91657.9900,16650.9300,204899.8000,412544.0300,1,1,0
0xAbF3dd05De475901440f2eb8cF9c6F03d4Ab2b07,base:0x7d666f85844566b3a7b1b8e7302c2cfc2abd2c8f6a155f64ec27f185e6b99d0b,Weak Overextended Pump,-92.5013,1h,"[""hot_launch_buy_pressure_below_45_percent"",""hot_momentum_weak_buy_pressure"",""weak_overextended_pump""]",91657.9900,16650.9300,204899.8000,412544.0300,1,1,0
0xAbF3dd05De475901440f2eb8cF9c6F03d4Ab2b07,base:0x7d666f85844566b3a7b1b8e7302c2cfc2abd2c8f6a155f64ec27f185e6b99d0b,Weak Overextended Pump,-92.5013,2h,"[""hot_launch_buy_pressure_below_45_percent"",""hot_momentum_weak_buy_pressure"",""weak_overextended_pump""]",91657.9900,16651.7100,204899.8000,412552.1700,1,1,0
0xAbF3dd05De475901440f2eb8cF9c6F03d4Ab2b07,base:0x7d666f85844566b3a7b1b8e7302c2cfc2abd2c8f6a155f64ec27f185e6b99d0b,Weak Overextended Pump,-92.5013,4h,"[""hot_launch_buy_pressure_below_45_percent"",""hot_momentum_weak_buy_pressure"",""weak_overextended_pump""]",91657.9900,16651.7100,204899.8000,412552.1700,1,1,0
0xAbF3dd05De475901440f2eb8cF9c6F03d4Ab2b07,base:0x7d666f85844566b3a7b1b8e7302c2cfc2abd2c8f6a155f64ec27f185e6b99d0b,Weak Overextended Pump,-92.5013,8h,"[""hot_launch_buy_pressure_below_45_percent"",""hot_momentum_weak_buy_pressure"",""weak_overextended_pump""]",91657.9900,16651.7100,204899.8000,412552.1700,1,1,0
0x05A53C6153a9040Fbe58A2a106bC84577C34B422,base:0x487172d556884571f3e9fed40b6d7f29f51ff3d8d4a0ad8b4805858b63a2b43c,Paper Trade Candidate,-92.4098,8h,[],147854.6200,46038.8900,1977867.4700,2864481.0400,0,1,0
0x05A53C6153a9040Fbe58A2a106bC84577C34B422,base:0x487172d556884571f3e9fed40b6d7f29f51ff3d8d4a0ad8b4805858b63a2b43c,Paper Trade Candidate,-92.4098,24h,[],147854.6200,46038.8900,1977867.4700,618507.6700,0,1,0
0x47647E481cB71D6b4475D6dd0065b34ce8Ca8844,base:0x87e3456cdd8874c999569f6382b1901a5e468cc78c2609e6b4397fb92886e374,Watchlist,-91.6009,24h,[],114470.1700,21516.5500,452284.9000,2402903.0600,1,1,0
0xB6da3DbCBEDE77060bd6Ee8aBC75fF9cB75EAB07,base:0x975207b608bb426a1fa2627982fd26487dfef8be9fb7fd4e9fc509323bf3e54a,Watchlist,-91.1716,15m,[],94074.4100,19262.8600,297885.7600,219.1400,0,1,1
0xB6da3DbCBEDE77060bd6Ee8aBC75fF9cB75EAB07,base:0x975207b608bb426a1fa2627982fd26487dfef8be9fb7fd4e9fc509323bf3e54a,Watchlist,-91.1716,1h,[],94074.4100,19262.8600,297885.7600,219.1400,0,1,1
0xB6da3DbCBEDE77060bd6Ee8aBC75fF9cB75EAB07,base:0x975207b608bb426a1fa2627982fd26487dfef8be9fb7fd4e9fc509323bf3e54a,Watchlist,-91.1716,4h,[],94074.4100,19262.8600,297885.7600,219.1400,0,1,1
0xB6da3DbCBEDE77060bd6Ee8aBC75fF9cB75EAB07,base:0x975207b608bb426a1fa2627982fd26487dfef8be9fb7fd4e9fc509323bf3e54a,Watchlist,-91.1716,24h,[],94074.4100,19262.8600,297885.7600,219.1400,0,1,1
0xB6da3DbCBEDE77060bd6Ee8aBC75fF9cB75EAB07,base:0x975207b608bb426a1fa2627982fd26487dfef8be9fb7fd4e9fc509323bf3e54a,Watchlist,-91.1001,30m,[],94074.4100,19414.8100,297885.7600,145.7600,0,1,1
0xB6da3DbCBEDE77060bd6Ee8aBC75fF9cB75EAB07,base:0x975207b608bb426a1fa2627982fd26487dfef8be9fb7fd4e9fc509323bf3e54a,Watchlist,-91.1001,2h,[],94074.4100,19414.8100,297885.7600,145.7600,0,1,1
0xB6da3DbCBEDE77060bd6Ee8aBC75fF9cB75EAB07,base:0x975207b608bb426a1fa2627982fd26487dfef8be9fb7fd4e9fc509323bf3e54a,Watchlist,-91.1001,8h,[],94074.4100,19414.8100,297885.7600,145.7600,0,1,1
0x05A53C6153a9040Fbe58A2a106bC84577C34B422,base:0x487172d556884571f3e9fed40b6d7f29f51ff3d8d4a0ad8b4805858b63a2b43c,Research Candidate,-90.6964,24h,[],131148.6500,46038.8900,1109338.2300,618507.6700,0,1,0
0x5Af9664c323152350e1B94E5DDD4AC0dEE2c0B07,base:0xe11a0b0d1d34ff404ef862c6fd94772f0bd0469e8d98f5feed41738511c6d959,Watchlist,-90.1949,8h,[],92748.2600,20513.1600,741348.9300,814722.5400,0,1,0
0x5Af9664c323152350e1B94E5DDD4AC0dEE2c0B07,base:0xe11a0b0d1d34ff404ef862c6fd94772f0bd0469e8d98f5feed41738511c6d959,Watchlist,-90.1340,4h,[],92748.2600,20643.5400,741348.9300,814704.3500,0,1,0
0x5Af9664c323152350e1B94E5DDD4AC0dEE2c0B07,base:0xe11a0b0d1d34ff404ef862c6fd94772f0bd0469e8d98f5feed41738511c6d959,Watchlist,-90.1096,24h,[],92748.2600,20640.7800,741348.9300,292.3100,0,1,1
0x5Af9664c323152350e1B94E5DDD4AC0dEE2c0B07,base:0xe11a0b0d1d34ff404ef862c6fd94772f0bd0469e8d98f5feed41738511c6d959,Watchlist,-90.0670,1h,[],92748.2600,20793.9300,741348.9300,814704.2700,0,1,0
0x5Af9664c323152350e1B94E5DDD4AC0dEE2c0B07,base:0xe11a0b0d1d34ff404ef862c6fd94772f0bd0469e8d98f5feed41738511c6d959,Watchlist,-90.0670,2h,[],92748.2600,20793.9300,741348.9300,814704.2700,0,1,0
0x5Af9664c323152350e1B94E5DDD4AC0dEE2c0B07,base:0xe11a0b0d1d34ff404ef862c6fd94772f0bd0469e8d98f5feed41738511c6d959,Watchlist,-90.0609,15m,[],92748.2600,20799.4800,741348.9300,814694.3200,0,1,0
0x5Af9664c323152350e1B94E5DDD4AC0dEE2c0B07,base:0xe11a0b0d1d34ff404ef862c6fd94772f0bd0469e8d98f5feed41738511c6d959,Watchlist,-90.0609,30m,[],92748.2600,20799.4800,741348.9300,814694.3200,0,1,0
0x021e7b57fDc6475743d389df6736a5a130486dAe,base:0x189de6f66a1915412e32779fdf6c091311e95821be58833375e97e3f69a6bdb9,High-Risk Momentum Watchlist,88.0323,1h,[],90112.6700,131526.3700,347353.2900,1826608.9900,0,0,0
0x021e7b57fDc6475743d389df6736a5a130486dAe,base:0x189de6f66a1915412e32779fdf6c091311e95821be58833375e97e3f69a6bdb9,High-Risk Momentum Watchlist,88.0323,2h,[],90112.6700,131526.3700,347353.2900,1826608.9900,0,0,0
0x021e7b57fDc6475743d389df6736a5a130486dAe,base:0x189de6f66a1915412e32779fdf6c091311e95821be58833375e97e3f69a6bdb9,High-Risk Momentum Watchlist,88.0323,4h,[],90112.6700,131526.3700,347353.2900,1826608.9900,0,0,0
0xB90e680dfBa1e076A860B98877406C867364Ab07,base:0xfca5604fd554eabe205019ecf0e8fad54d4a06fccd9eae90d375d1b444b263a4,Watchlist,-87.1321,4h,[],105992.2100,24789.8700,397982.8300,458446.8300,0,1,0
0xB90e680dfBa1e076A860B98877406C867364Ab07,base:0xfca5604fd554eabe205019ecf0e8fad54d4a06fccd9eae90d375d1b444b263a4,Watchlist,-86.9583,15m,[],105992.2100,25136.5900,397982.8300,458420.8300,0,1,0
0xB90e680dfBa1e076A860B98877406C867364Ab07,base:0xfca5604fd554eabe205019ecf0e8fad54d4a06fccd9eae90d375d1b444b263a4,Watchlist,-86.9583,30m,[],105992.2100,25136.5900,397982.8300,458420.8300,0,1,0
0xB90e680dfBa1e076A860B98877406C867364Ab07,base:0xfca5604fd554eabe205019ecf0e8fad54d4a06fccd9eae90d375d1b444b263a4,Watchlist,-86.9583,1h,[],105992.2100,25136.5900,397982.8300,458420.8300,0,1,0
0xB90e680dfBa1e076A860B98877406C867364Ab07,base:0xfca5604fd554eabe205019ecf0e8fad54d4a06fccd9eae90d375d1b444b263a4,Watchlist,-86.9583,2h,[],105992.2100,25136.5900,397982.8300,458420.8300,0,1,0
0x115c92fd34A7E6cc8eBCe8C4897cAEF7D4Be41dd,base:0x8f2cc21d75f16d6d683c8fc58ebab64477938a63cefba7812986b8b49f9b371d,Momentum Trap,-85.6552,8h,"[""early_extreme_overextension""]",173852.0400,51661.9600,632025.8000,1497097.4700,0,1,0
0xF2270F70E4D5AA860337CF1E698b155aDd6E692D,base:0x1ab70efaad5c80164d82b916805ab6e1aae9743a817cbd806e866be21c44107b,Watchlist,85.3519,30m,[],84115.4300,122646.4600,600156.3000,1637981.9200,0,0,0
0xF2270F70E4D5AA860337CF1E698b155aDd6E692D,base:0x1ab70efaad5c80164d82b916805ab6e1aae9743a817cbd806e866be21c44107b,Watchlist,85.3519,1h,[],84115.4300,122646.4600,600156.3000,1637981.9200,0,0,0
0x1Ce6c8e9c88fe8f365FF420ac83fa120bdC92675,base:0x607fe84926594f273d5dff3090d42480e436ab1dcecda1ab753c504babb0c19c,Watchlist,-83.6863,15m,[],94035.9700,28521.8900,137510.9500,1333633.9400,0,1,0
0x1Ce6c8e9c88fe8f365FF420ac83fa120bdC92675,base:0x607fe84926594f273d5dff3090d42480e436ab1dcecda1ab753c504babb0c19c,Watchlist,-83.6863,1h,[],94035.9700,28521.8900,137510.9500,1333633.9400,0,1,0
0x1Ce6c8e9c88fe8f365FF420ac83fa120bdC92675,base:0x607fe84926594f273d5dff3090d42480e436ab1dcecda1ab753c504babb0c19c,Watchlist,-83.6863,4h,[],94035.9700,28521.8900,137510.9500,1333633.9400,0,1,0
0x1Ce6c8e9c88fe8f365FF420ac83fa120bdC92675,base:0x607fe84926594f273d5dff3090d42480e436ab1dcecda1ab753c504babb0c19c,Watchlist,-83.6863,24h,[],94035.9700,28521.8900,137510.9500,1333633.9400,0,1,0
0x115c92fd34A7E6cc8eBCe8C4897cAEF7D4Be41dd,base:0x8f2cc21d75f16d6d683c8fc58ebab64477938a63cefba7812986b8b49f9b371d,Momentum Trap,-78.4224,15m,"[""early_extreme_overextension""]",173852.0400,68549.3700,632025.8000,1142474.6400,0,0,0
0x115c92fd34A7E6cc8eBCe8C4897cAEF7D4Be41dd,base:0x8f2cc21d75f16d6d683c8fc58ebab64477938a63cefba7812986b8b49f9b371d,Momentum Trap,-78.4224,30m,"[""early_extreme_overextension""]",173852.0400,68549.3700,632025.8000,1142474.6400,0,0,0
0x115c92fd34A7E6cc8eBCe8C4897cAEF7D4Be41dd,base:0x8f2cc21d75f16d6d683c8fc58ebab64477938a63cefba7812986b8b49f9b371d,Momentum Trap,-78.4224,1h,"[""early_extreme_overextension""]",173852.0400,68549.3700,632025.8000,1142474.6400,0,0,0
0x115c92fd34A7E6cc8eBCe8C4897cAEF7D4Be41dd,base:0x8f2cc21d75f16d6d683c8fc58ebab64477938a63cefba7812986b8b49f9b371d,Momentum Trap,-78.4224,2h,"[""early_extreme_overextension""]",173852.0400,68549.3700,632025.8000,1142474.6400,0,0,0
0xf41FaaCdD6b1D0Db127Ec16572B1CAC861F75544,base:0xad69cf15d7b9645ed79c87434e33b81a81b27ee6bece8c813ada2fbd39bc0824,Research Candidate,-76.9640,4h,[],162907.7400,55199.5600,832235.5800,992506.2900,0,0,0
0xb66e76F9Ed3e13F24C5b68F68BE631CD82AffbA3,base:0xef9d90806b051a68d8ffbdfdceb6acdd7491180562651dd2bcaf0c4d2fe550da,Watchlist,-76.9212,24h,[],100177.2000,39062.5600,554090.3700,78589.1800,0,0,1
0xf41FaaCdD6b1D0Db127Ec16572B1CAC861F75544,base:0xad69cf15d7b9645ed79c87434e33b81a81b27ee6bece8c813ada2fbd39bc0824,Research Candidate,-75.2987,2h,[],162907.7400,58737.4700,832235.5800,990224.9700,0,0,0
0xa818564F980CD49Bb4Da30851caBC7060aC3aB07,base:0x9d61214861d2f465e8d07d99425984a651e76d0fdc124c430c1ff7c0ff2cce1e,Reject,-75.2306,15m,"[""hot_launch_buy_pressure_below_45_percent"",""hot_momentum_low_unique_buyers"",""hot_momentum_weak_buy_pressure"",""volume_24h_below_15000"",""weak_overextended_pump""]",67730.7400,17102.1000,6521.3300,7968.1000,0,0,0
0xa818564F980CD49Bb4Da30851caBC7060aC3aB07,base:0x9d61214861d2f465e8d07d99425984a651e76d0fdc124c430c1ff7c0ff2cce1e,Reject,-75.2306,30m,"[""hot_launch_buy_pressure_below_45_percent"",""hot_momentum_low_unique_buyers"",""hot_momentum_weak_buy_pressure"",""volume_24h_below_15000"",""weak_overextended_pump""]",67730.7400,17102.1000,6521.3300,7968.1000,0,0,0
0xa818564F980CD49Bb4Da30851caBC7060aC3aB07,base:0x9d61214861d2f465e8d07d99425984a651e76d0fdc124c430c1ff7c0ff2cce1e,Reject,-75.2306,1h,"[""hot_launch_buy_pressure_below_45_percent"",""hot_momentum_low_unique_buyers"",""hot_momentum_weak_buy_pressure"",""volume_24h_below_15000"",""weak_overextended_pump""]",67730.7400,17102.1000,6521.3300,7968.1000,0,0,0
0xa818564F980CD49Bb4Da30851caBC7060aC3aB07,base:0x9d61214861d2f465e8d07d99425984a651e76d0fdc124c430c1ff7c0ff2cce1e,Reject,-75.2306,2h,"[""hot_launch_buy_pressure_below_45_percent"",""hot_momentum_low_unique_buyers"",""hot_momentum_weak_buy_pressure"",""volume_24h_below_15000"",""weak_overextended_pump""]",67730.7400,17102.1000,6521.3300,7968.1000,0,0,0
0xa818564F980CD49Bb4Da30851caBC7060aC3aB07,base:0x9d61214861d2f465e8d07d99425984a651e76d0fdc124c430c1ff7c0ff2cce1e,Reject,-75.2306,4h,"[""hot_launch_buy_pressure_below_45_percent"",""hot_momentum_low_unique_buyers"",""hot_momentum_weak_buy_pressure"",""volume_24h_below_15000"",""weak_overextended_pump""]",67730.7400,17102.1000,6521.3300,7968.1000,0,0,0
0xa818564F980CD49Bb4Da30851caBC7060aC3aB07,base:0x9d61214861d2f465e8d07d99425984a651e76d0fdc124c430c1ff7c0ff2cce1e,Reject,-75.2306,8h,"[""hot_launch_buy_pressure_below_45_percent"",""hot_momentum_low_unique_buyers"",""hot_momentum_weak_buy_pressure"",""volume_24h_below_15000"",""weak_overextended_pump""]",67730.7400,17102.1000,6521.3300,7968.1000,0,0,0
0xf41FaaCdD6b1D0Db127Ec16572B1CAC861F75544,base:0xad69cf15d7b9645ed79c87434e33b81a81b27ee6bece8c813ada2fbd39bc0824,Research Candidate,-74.2512,15m,[],162907.7400,60908.9800,832235.5800,988516.6800,0,0,0
0xf41FaaCdD6b1D0Db127Ec16572B1CAC861F75544,base:0xad69cf15d7b9645ed79c87434e33b81a81b27ee6bece8c813ada2fbd39bc0824,Research Candidate,-74.2512,30m,[],162907.7400,60908.9800,832235.5800,988516.6800,0,0,0
0xf41FaaCdD6b1D0Db127Ec16572B1CAC861F75544,base:0xad69cf15d7b9645ed79c87434e33b81a81b27ee6bece8c813ada2fbd39bc0824,Research Candidate,-74.2512,1h,[],162907.7400,60908.9800,832235.5800,988516.6800,0,0,0
0xcEecb3d02b0839ed9f7688679276F523a11f955f,base:0x3307a8dd3c868a6e3d72aaa59565b4c983f011c80f80a2803d157603fa3b8367,Watchlist,-73.4240,30m,[],80392.5800,33718.4900,985608.1100,1043679.5700,0,0,0
0xcEecb3d02b0839ed9f7688679276F523a11f955f,base:0x3307a8dd3c868a6e3d72aaa59565b4c983f011c80f80a2803d157603fa3b8367,Watchlist,-73.4240,2h,[],80392.5800,33718.4900,985608.1100,1043679.5700,0,0,0
0xcEecb3d02b0839ed9f7688679276F523a11f955f,base:0x3307a8dd3c868a6e3d72aaa59565b4c983f011c80f80a2803d157603fa3b8367,Watchlist,-73.4240,8h,[],80392.5800,33718.4900,985608.1100,1043679.5700,0,0,0
0xcEecb3d02b0839ed9f7688679276F523a11f955f,base:0x3307a8dd3c868a6e3d72aaa59565b4c983f011c80f80a2803d157603fa3b8367,Watchlist,-73.4240,24h,[],80392.5800,33718.4900,985608.1100,1043679.5700,0,0,0
0xf41FaaCdD6b1D0Db127Ec16572B1CAC861F75544,base:0xad69cf15d7b9645ed79c87434e33b81a81b27ee6bece8c813ada2fbd39bc0824,Research Candidate,-71.7430,24h,[],162907.7400,65228.8600,832235.5800,244293.1200,0,0,0
0xcEecb3d02b0839ed9f7688679276F523a11f955f,base:0x3307a8dd3c868a6e3d72aaa59565b4c983f011c80f80a2803d157603fa3b8367,Watchlist,65.2022,15m,[],80392.5800,107981.0500,985608.1100,2111416.5400,0,0,0
0xcEecb3d02b0839ed9f7688679276F523a11f955f,base:0x3307a8dd3c868a6e3d72aaa59565b4c983f011c80f80a2803d157603fa3b8367,Watchlist,65.2022,1h,[],80392.5800,107981.0500,985608.1100,2111416.5400,0,0,0
0xcEecb3d02b0839ed9f7688679276F523a11f955f,base:0x3307a8dd3c868a6e3d72aaa59565b4c983f011c80f80a2803d157603fa3b8367,Watchlist,65.2022,4h,[],80392.5800,107981.0500,985608.1100,2111416.5400,0,0,0
0x8f9e7ce623e99C789dc01579a42522CF9077CC8a,base:0x348b81863531ce001a9ee8b5d4d0230f76314cc7ef9e89aa63dee9b50b1cd333,Watchlist,64.4135,2h,[],45651.3700,60789.5700,554636.7900,887528.4700,0,0,0
0xb66e76F9Ed3e13F24C5b68F68BE631CD82AffbA3,base:0xef9d90806b051a68d8ffbdfdceb6acdd7491180562651dd2bcaf0c4d2fe550da,Watchlist,-63.0489,30m,[],100177.2000,54144.0400,554090.3700,703702.9400,0,0,0
0xb66e76F9Ed3e13F24C5b68F68BE631CD82AffbA3,base:0xef9d90806b051a68d8ffbdfdceb6acdd7491180562651dd2bcaf0c4d2fe550da,Watchlist,-63.0489,2h,[],100177.2000,54144.0400,554090.3700,703702.9400,0,0,0
0xb66e76F9Ed3e13F24C5b68F68BE631CD82AffbA3,base:0xef9d90806b051a68d8ffbdfdceb6acdd7491180562651dd2bcaf0c4d2fe550da,Watchlist,-63.0489,8h,[],100177.2000,54144.0400,554090.3700,703702.9400,0,0,0
0xb66e76F9Ed3e13F24C5b68F68BE631CD82AffbA3,base:0xef9d90806b051a68d8ffbdfdceb6acdd7491180562651dd2bcaf0c4d2fe550da,Watchlist,-61.3842,15m,[],100177.2000,55384.4300,554090.3700,646375.7000,0,0,0
0xb66e76F9Ed3e13F24C5b68F68BE631CD82AffbA3,base:0xef9d90806b051a68d8ffbdfdceb6acdd7491180562651dd2bcaf0c4d2fe550da,Watchlist,-61.3842,1h,[],100177.2000,55384.4300,554090.3700,646375.7000,0,0,0
0xF2270F70E4D5AA860337CF1E698b155aDd6E692D,base:0x1ab70efaad5c80164d82b916805ab6e1aae9743a817cbd806e866be21c44107b,Watchlist,60.2291,15m,[],84115.4300,112090.1500,600156.3000,870402.8900,0,0,0
0xb66e76F9Ed3e13F24C5b68F68BE631CD82AffbA3,base:0xef9d90806b051a68d8ffbdfdceb6acdd7491180562651dd2bcaf0c4d2fe550da,Watchlist,-59.9761,4h,[],100177.2000,56969.9500,554090.3700,686804.2400,0,0,0
0x8f9e7ce623e99C789dc01579a42522CF9077CC8a,base:0x348b81863531ce001a9ee8b5d4d0230f76314cc7ef9e89aa63dee9b50b1cd333,Watchlist,-59.8983,8h,[],62910.1700,37583.6400,390417.1600,1112696.1100,0,0,0
0x8f9e7ce623e99C789dc01579a42522CF9077CC8a,base:0x348b81863531ce001a9ee8b5d4d0230f76314cc7ef9e89aa63dee9b50b1cd333,Watchlist,-59.7006,24h,[],62910.1700,37769.5500,390417.1600,493147.8900,0,0,0
0x9e7fC36e3cBe02bE6ec5427605945C16AC155f66,base:0x977fa4a181980983b737e43e8b62943f8754078397659f04cfd33c59ba1223e1,Watchlist,-57.7964,4h,[],196192.6200,86238.8100,176147.1400,189031.8500,0,0,0
0x8f9e7ce623e99C789dc01579a42522CF9077CC8a,base:0x348b81863531ce001a9ee8b5d4d0230f76314cc7ef9e89aa63dee9b50b1cd333,Watchlist,57.4553,4h,[],45651.3700,59405.6100,554636.7900,982625.2100,0,0,0
0x47647E481cB71D6b4475D6dd0065b34ce8Ca8844,base:0x87e3456cdd8874c999569f6382b1901a5e468cc78c2609e6b4397fb92886e374,Research Candidate,-56.5996,15m,[],136530.8900,83131.5800,946130.5700,2546168.3700,0,0,0
0x47647E481cB71D6b4475D6dd0065b34ce8Ca8844,base:0x87e3456cdd8874c999569f6382b1901a5e468cc78c2609e6b4397fb92886e374,Research Candidate,-56.5996,30m,[],136530.8900,83131.5800,946130.5700,2546168.3700,0,0,0
0x47647E481cB71D6b4475D6dd0065b34ce8Ca8844,base:0x87e3456cdd8874c999569f6382b1901a5e468cc78c2609e6b4397fb92886e374,Research Candidate,-56.5996,1h,[],136530.8900,83131.5800,946130.5700,2546168.3700,0,0,0
0x47647E481cB71D6b4475D6dd0065b34ce8Ca8844,base:0x87e3456cdd8874c999569f6382b1901a5e468cc78c2609e6b4397fb92886e374,Research Candidate,-56.5996,2h,[],136530.8900,83131.5800,946130.5700,2546168.3700,0,0,0
0x47647E481cB71D6b4475D6dd0065b34ce8Ca8844,base:0x87e3456cdd8874c999569f6382b1901a5e468cc78c2609e6b4397fb92886e374,Research Candidate,-56.5996,4h,[],136530.8900,83131.5800,946130.5700,2546168.3700,0,0,0
0x10c56F005a379f8eAfc88ff5c3f40d30F0031AC9,base:0x93e7c445d77E6506b77C869C469e4305c15c075B,Watchlist,56.5536,30m,[],242285.6500,300455.8000,579650.6100,266719.2600,0,0,0
0x10c56F005a379f8eAfc88ff5c3f40d30F0031AC9,base:0x93e7c445d77E6506b77C869C469e4305c15c075B,Watchlist,56.5536,2h,[],242285.6500,300455.8000,579650.6100,266719.2600,0,0,0
0x10c56F005a379f8eAfc88ff5c3f40d30F0031AC9,base:0x93e7c445d77E6506b77C869C469e4305c15c075B,Watchlist,56.5536,8h,[],242285.6500,300455.8000,579650.6100,266719.2600,0,0,0
0xF2270F70E4D5AA860337CF1E698b155aDd6E692D,base:0x1ab70efaad5c80164d82b916805ab6e1aae9743a817cbd806e866be21c44107b,Watchlist,55.4828,4h,[],84115.4300,110819.9000,600156.3000,3113313.1400,0,0,0
0xf41FaaCdD6b1D0Db127Ec16572B1CAC861F75544,base:0xad69cf15d7b9645ed79c87434e33b81a81b27ee6bece8c813ada2fbd39bc0824,Research Candidate,-55.1964,8h,[],162907.7400,93556.1700,832235.5800,1034868.8400,0,0,0
0x10c56F005a379f8eAfc88ff5c3f40d30F0031AC9,base:0x93e7c445d77E6506b77C869C469e4305c15c075B,Watchlist,53.2117,30m,[],240436.1300,300455.8000,656701.5200,266719.2600,0,0,0
0x10c56F005a379f8eAfc88ff5c3f40d30F0031AC9,base:0x93e7c445d77E6506b77C869C469e4305c15c075B,Watchlist,53.2117,2h,[],240436.1300,300455.8000,656701.5200,266719.2600,0,0,0
0x10c56F005a379f8eAfc88ff5c3f40d30F0031AC9,base:0x93e7c445d77E6506b77C869C469e4305c15c075B,Watchlist,53.2117,8h,[],240436.1300,300455.8000,656701.5200,266719.2600,0,0,0
0xA74f7dad0b4c603adA798E2FeE76bD8D6aDfe8ee,base:0x039b7089b25349f52fe75bd32db237b4c237fa7347c0cbedb494d507b7da9727,Watchlist,53.1341,30m,[],89528.4300,117324.0300,401263.4400,4225646.6500,0,0,0
0xA74f7dad0b4c603adA798E2FeE76bD8D6aDfe8ee,base:0x039b7089b25349f52fe75bd32db237b4c237fa7347c0cbedb494d507b7da9727,Watchlist,53.1341,2h,[],89528.4300,117324.0300,401263.4400,4225646.6500,0,0,0
0xA74f7dad0b4c603adA798E2FeE76bD8D6aDfe8ee,base:0x039b7089b25349f52fe75bd32db237b4c237fa7347c0cbedb494d507b7da9727,Watchlist,53.1341,8h,[],89528.4300,117324.0300,401263.4400,4225646.6500,0,0,0
0x6e06306D196aCad2D5f6D9F5585d5DE2A7482d28,base:0x1357c95a23fd64e817cd89eecea20f14c9d408aeb09f0ba56afa401d1fc68d0f,High-Risk Momentum Watchlist,-52.9062,24h,[],62490.9200,39770.2000,295757.8400,520121.0500,0,0,0
0x9e7fC36e3cBe02bE6ec5427605945C16AC155f66,base:0x977fa4a181980983b737e43e8b62943f8754078397659f04cfd33c59ba1223e1,Watchlist,-52.2303,8h,[],196192.6200,97015.0800,176147.1400,192788.5400,0,0,0
0xF2270F70E4D5AA860337CF1E698b155aDd6E692D,base:0x1ab70efaad5c80164d82b916805ab6e1aae9743a817cbd806e866be21c44107b,Watchlist,-51.8437,8h,[],112090.1500,70951.9300,870402.8900,3371375.8800,0,0,0
0xF2270F70E4D5AA860337CF1E698b155aDd6E692D,base:0x1ab70efaad5c80164d82b916805ab6e1aae9743a817cbd806e866be21c44107b,Watchlist,-51.8437,24h,[],112090.1500,70951.9300,870402.8900,1731992.6500,0,0,0
0x9e7fC36e3cBe02bE6ec5427605945C16AC155f66,base:0x977fa4a181980983b737e43e8b62943f8754078397659f04cfd33c59ba1223e1,Watchlist,-49.6378,24h,[],196192.6200,102009.7200,176147.1400,26158.3200,0,0,1
0x22aaB1803d9B5ED57c4E34090884867F5fdaFbb7,base:0x2331812ae8a2aa0b93d84635b7367fa24515b031cef3059a30ac2adee7266b1a,Watchlist,-47.6893,30m,[],135282.3000,91533.9900,1502125.6900,27035.2700,0,0,1
0x22aaB1803d9B5ED57c4E34090884867F5fdaFbb7,base:0x2331812ae8a2aa0b93d84635b7367fa24515b031cef3059a30ac2adee7266b1a,Watchlist,-47.6893,2h,[],135282.3000,91533.9900,1502125.6900,27035.2700,0,0,1
0x22aaB1803d9B5ED57c4E34090884867F5fdaFbb7,base:0x2331812ae8a2aa0b93d84635b7367fa24515b031cef3059a30ac2adee7266b1a,Watchlist,-47.6893,8h,[],135282.3000,91533.9900,1502125.6900,27035.2700,0,0,1
0x22aaB1803d9B5ED57c4E34090884867F5fdaFbb7,base:0x2331812ae8a2aa0b93d84635b7367fa24515b031cef3059a30ac2adee7266b1a,Watchlist,-40.8932,15m,[],135282.3000,98573.1000,1502125.6900,113466.1500,0,0,1
0x22aaB1803d9B5ED57c4E34090884867F5fdaFbb7,base:0x2331812ae8a2aa0b93d84635b7367fa24515b031cef3059a30ac2adee7266b1a,Watchlist,-40.8932,1h,[],135282.3000,98573.1000,1502125.6900,113466.1500,0,0,1
0x22aaB1803d9B5ED57c4E34090884867F5fdaFbb7,base:0x2331812ae8a2aa0b93d84635b7367fa24515b031cef3059a30ac2adee7266b1a,Watchlist,-40.8932,4h,[],135282.3000,98573.1000,1502125.6900,113466.1500,0,0,1
0x22aaB1803d9B5ED57c4E34090884867F5fdaFbb7,base:0x2331812ae8a2aa0b93d84635b7367fa24515b031cef3059a30ac2adee7266b1a,Watchlist,-40.8932,24h,[],135282.3000,98573.1000,1502125.6900,113466.1500,0,0,1
0xDD5bC85A16593703AFdc092A5E72f0a29E61cb07,base:0x86592be652cee6d68d34df2f1d7f646ff5ded1054d5ed7b0f106196f20362ea6,Watchlist,-11.0395,24h,[],104128.3600,94718.5600,305179.2500,53089.3400,0,0,1
0x86d1756f8D92a507443B9Eb26a0ECe7434b77b5e,base:0xb189a54d4f1696e933d7e73716638c90f215123022495421105ed03c9144c849,Watchlist,-7.1867,24h,[],53872.3900,50345.4800,146762.7900,17096.9200,0,0,1
0xf41FaaCdD6b1D0Db127Ec16572B1CAC861F75544,base:0xad69cf15d7b9645ed79c87434e33b81a81b27ee6bece8c813ada2fbd39bc0824,Watchlist,5.9889,24h,[],60921.0000,61619.7000,988516.6700,128732.9100,0,0,1
0xAfb89a09D82FBDE58f18Ac6437B3fC81724e4dF6,base:0x3A65f421Ea694D411CDef877C0297F14a17aE25f,Reject,2.8528,8h,"[""buy_pressure_below_30_percent"",""liquidity_below_10000"",""unique_buyers_below_10"",""volume_24h_below_15000""]",3784.4400,3857.9700,61.7000,64.7800,1,0,0
0xAfb89a09D82FBDE58f18Ac6437B3fC81724e4dF6,base:0x3A65f421Ea694D411CDef877C0297F14a17aE25f,Reject,-2.7044,4h,"[""buy_pressure_below_30_percent"",""liquidity_below_10000"",""unique_buyers_below_10"",""volume_24h_below_15000""]",3883.0100,3782.6700,92.7200,69.8600,1,0,0
0x0678488FfCF367e8593708462c95c7e110875e34,base:0xdA1Cf50f7345Ba725e7c01640c5a1C5904617ecD,Reject,-2.6812,15m,"[""unique_buyers_below_10"",""volume_24h_below_15000""]",12022.0200,11836.2200,1506.6100,127.7500,0,0,1
0x0678488FfCF367e8593708462c95c7e110875e34,base:0xdA1Cf50f7345Ba725e7c01640c5a1C5904617ecD,Reject,-2.6812,30m,"[""unique_buyers_below_10"",""volume_24h_below_15000""]",12022.0200,11836.2200,1506.6100,127.7500,0,0,1
0x0678488FfCF367e8593708462c95c7e110875e34,base:0xdA1Cf50f7345Ba725e7c01640c5a1C5904617ecD,Reject,-2.6812,1h,"[""unique_buyers_below_10"",""volume_24h_below_15000""]",12022.0200,11836.2200,1506.6100,127.7500,0,0,1
0x0678488FfCF367e8593708462c95c7e110875e34,base:0xdA1Cf50f7345Ba725e7c01640c5a1C5904617ecD,Reject,-2.6812,2h,"[""unique_buyers_below_10"",""volume_24h_below_15000""]",12022.0200,11836.2200,1506.6100,127.7500,0,0,1
0x0678488FfCF367e8593708462c95c7e110875e34,base:0xdA1Cf50f7345Ba725e7c01640c5a1C5904617ecD,Reject,-2.6812,4h,"[""unique_buyers_below_10"",""volume_24h_below_15000""]",12022.0200,11836.2200,1506.6100,127.3100,0,0,1
0xAfb89a09D82FBDE58f18Ac6437B3fC81724e4dF6,base:0x3A65f421Ea694D411CDef877C0297F14a17aE25f,Reject,2.3341,4h,"[""buy_pressure_below_30_percent"",""liquidity_below_10000"",""unique_buyers_below_10"",""volume_24h_below_15000""]",3784.4400,3837.4500,61.7000,87.2400,1,0,0
0xAfb89a09D82FBDE58f18Ac6437B3fC81724e4dF6,base:0x3A65f421Ea694D411CDef877C0297F14a17aE25f,Reject,2.1828,15m,"[""buy_pressure_below_30_percent"",""liquidity_below_10000"",""unique_buyers_below_10"",""volume_24h_below_15000""]",3784.4400,3831.3700,61.7000,85.0300,1,0,0
0xAfb89a09D82FBDE58f18Ac6437B3fC81724e4dF6,base:0x3A65f421Ea694D411CDef877C0297F14a17aE25f,Reject,2.1828,30m,"[""buy_pressure_below_30_percent"",""liquidity_below_10000"",""unique_buyers_below_10"",""volume_24h_below_15000""]",3784.4400,3831.3700,61.7000,85.0300,1,0,0
0xAfb89a09D82FBDE58f18Ac6437B3fC81724e4dF6,base:0x3A65f421Ea694D411CDef877C0297F14a17aE25f,Reject,2.1828,1h,"[""buy_pressure_below_30_percent"",""liquidity_below_10000"",""unique_buyers_below_10"",""volume_24h_below_15000""]",3784.4400,3831.3700,61.7000,85.0300,1,0,0
0xAfb89a09D82FBDE58f18Ac6437B3fC81724e4dF6,base:0x3A65f421Ea694D411CDef877C0297F14a17aE25f,Reject,2.1828,2h,"[""buy_pressure_below_30_percent"",""liquidity_below_10000"",""unique_buyers_below_10"",""volume_24h_below_15000""]",3784.4400,3831.3700,61.7000,85.0300,1,0,0
0xAfb89a09D82FBDE58f18Ac6437B3fC81724e4dF6,base:0x3A65f421Ea694D411CDef877C0297F14a17aE25f,Reject,1.9296,8h,"[""liquidity_below_10000"",""unique_buyers_below_10"",""volume_24h_below_15000""]",3818.0400,3883.0100,89.7200,92.7200,1,0,0
0xAfb89a09D82FBDE58f18Ac6437B3fC81724e4dF6,base:0x3A65f421Ea694D411CDef877C0297F14a17aE25f,Reject,-1.6018,15m,"[""buy_pressure_below_30_percent"",""liquidity_below_10000"",""unique_buyers_below_10"",""volume_24h_below_15000""]",3883.0100,3823.5700,92.7200,70.6400,1,0,0
0xAfb89a09D82FBDE58f18Ac6437B3fC81724e4dF6,base:0x3A65f421Ea694D411CDef877C0297F14a17aE25f,Reject,-1.6018,30m,"[""buy_pressure_below_30_percent"",""liquidity_below_10000"",""unique_buyers_below_10"",""volume_24h_below_15000""]",3883.0100,3823.5700,92.7200,70.6400,1,0,0
0xAfb89a09D82FBDE58f18Ac6437B3fC81724e4dF6,base:0x3A65f421Ea694D411CDef877C0297F14a17aE25f,Reject,-1.6018,1h,"[""buy_pressure_below_30_percent"",""liquidity_below_10000"",""unique_buyers_below_10"",""volume_24h_below_15000""]",3883.0100,3823.5700,92.7200,70.6400,1,0,0
0xAfb89a09D82FBDE58f18Ac6437B3fC81724e4dF6,base:0x3A65f421Ea694D411CDef877C0297F14a17aE25f,Reject,-1.6018,2h,"[""buy_pressure_below_30_percent"",""liquidity_below_10000"",""unique_buyers_below_10"",""volume_24h_below_15000""]",3883.0100,3823.5700,92.7200,70.6400,1,0,0
0xAfb89a09D82FBDE58f18Ac6437B3fC81724e4dF6,base:0x3A65f421Ea694D411CDef877C0297F14a17aE25f,Reject,-1.5161,8h,"[""buy_pressure_below_30_percent"",""liquidity_below_10000"",""unique_buyers_below_10"",""volume_24h_below_15000""]",3854.0600,3782.6700,65.1100,69.8600,1,0,0
0xAfb89a09D82FBDE58f18Ac6437B3fC81724e4dF6,base:0x3A65f421Ea694D411CDef877C0297F14a17aE25f,Reject,1.2213,15m,"[""buy_pressure_below_30_percent"",""liquidity_below_10000"",""unique_buyers_below_10"",""volume_24h_below_15000""]",3854.0600,3883.0100,65.1100,92.7200,1,0,0
0xAfb89a09D82FBDE58f18Ac6437B3fC81724e4dF6,base:0x3A65f421Ea694D411CDef877C0297F14a17aE25f,Reject,1.2213,30m,"[""buy_pressure_below_30_percent"",""liquidity_below_10000"",""unique_buyers_below_10"",""volume_24h_below_15000""]",3854.0600,3883.0100,65.1100,92.7200,1,0,0
0xAfb89a09D82FBDE58f18Ac6437B3fC81724e4dF6,base:0x3A65f421Ea694D411CDef877C0297F14a17aE25f,Reject,1.2213,1h,"[""buy_pressure_below_30_percent"",""liquidity_below_10000"",""unique_buyers_below_10"",""volume_24h_below_15000""]",3854.0600,3883.0100,65.1100,92.7200,1,0,0
0xAfb89a09D82FBDE58f18Ac6437B3fC81724e4dF6,base:0x3A65f421Ea694D411CDef877C0297F14a17aE25f,Reject,1.2213,2h,"[""buy_pressure_below_30_percent"",""liquidity_below_10000"",""unique_buyers_below_10"",""volume_24h_below_15000""]",3854.0600,3883.0100,65.1100,92.7200,1,0,0
0xAfb89a09D82FBDE58f18Ac6437B3fC81724e4dF6,base:0x3A65f421Ea694D411CDef877C0297F14a17aE25f,Reject,-1.1205,15m,"[""buy_pressure_below_30_percent"",""liquidity_below_10000"",""unique_buyers_below_10"",""volume_24h_below_15000""]",3823.5700,3782.6700,70.6400,69.8600,1,0,0
0xAfb89a09D82FBDE58f18Ac6437B3fC81724e4dF6,base:0x3A65f421Ea694D411CDef877C0297F14a17aE25f,Reject,-1.1205,30m,"[""buy_pressure_below_30_percent"",""liquidity_below_10000"",""unique_buyers_below_10"",""volume_24h_below_15000""]",3823.5700,3782.6700,70.6400,69.8600,1,0,0
0xAfb89a09D82FBDE58f18Ac6437B3fC81724e4dF6,base:0x3A65f421Ea694D411CDef877C0297F14a17aE25f,Reject,-1.1205,1h,"[""buy_pressure_below_30_percent"",""liquidity_below_10000"",""unique_buyers_below_10"",""volume_24h_below_15000""]",3823.5700,3782.6700,70.6400,69.8600,1,0,0
0xAfb89a09D82FBDE58f18Ac6437B3fC81724e4dF6,base:0x3A65f421Ea694D411CDef877C0297F14a17aE25f,Reject,-1.1205,2h,"[""buy_pressure_below_30_percent"",""liquidity_below_10000"",""unique_buyers_below_10"",""volume_24h_below_15000""]",3823.5700,3782.6700,70.6400,69.8600,1,0,0
0xAfb89a09D82FBDE58f18Ac6437B3fC81724e4dF6,base:0x3A65f421Ea694D411CDef877C0297F14a17aE25f,Reject,1.0086,4h,"[""liquidity_below_10000"",""unique_buyers_below_10"",""volume_24h_below_15000""]",3857.9700,3883.0100,64.7800,92.7200,1,0,0
0xAfb89a09D82FBDE58f18Ac6437B3fC81724e4dF6,base:0x3A65f421Ea694D411CDef877C0297F14a17aE25f,Reject,0.9118,15m,"[""liquidity_below_10000"",""unique_buyers_below_10"",""volume_24h_below_15000""]",3818.0400,3857.9700,89.7200,64.7800,1,0,0
0xAfb89a09D82FBDE58f18Ac6437B3fC81724e4dF6,base:0x3A65f421Ea694D411CDef877C0297F14a17aE25f,Reject,0.9118,30m,"[""liquidity_below_10000"",""unique_buyers_below_10"",""volume_24h_below_15000""]",3818.0400,3857.9700,89.7200,64.7800,1,0,0
0xAfb89a09D82FBDE58f18Ac6437B3fC81724e4dF6,base:0x3A65f421Ea694D411CDef877C0297F14a17aE25f,Reject,0.9118,1h,"[""liquidity_below_10000"",""unique_buyers_below_10"",""volume_24h_below_15000""]",3818.0400,3857.9700,89.7200,64.7800,1,0,0
0xAfb89a09D82FBDE58f18Ac6437B3fC81724e4dF6,base:0x3A65f421Ea694D411CDef877C0297F14a17aE25f,Reject,0.9118,2h,"[""liquidity_below_10000"",""unique_buyers_below_10"",""volume_24h_below_15000""]",3818.0400,3857.9700,89.7200,64.7800,1,0,0
0xAfb89a09D82FBDE58f18Ac6437B3fC81724e4dF6,base:0x3A65f421Ea694D411CDef877C0297F14a17aE25f,Reject,0.9118,4h,"[""liquidity_below_10000"",""unique_buyers_below_10"",""volume_24h_below_15000""]",3818.0400,3857.9700,89.7200,64.7800,1,0,0
0xAfb89a09D82FBDE58f18Ac6437B3fC81724e4dF6,base:0x3A65f421Ea694D411CDef877C0297F14a17aE25f,Reject,0.6557,4h,"[""buy_pressure_below_30_percent"",""liquidity_below_10000"",""unique_buyers_below_10"",""volume_24h_below_15000""]",3831.3700,3857.9700,85.0300,64.7800,1,0,0
0xAfb89a09D82FBDE58f18Ac6437B3fC81724e4dF6,base:0x3A65f421Ea694D411CDef877C0297F14a17aE25f,Reject,-0.6094,8h,"[""liquidity_below_10000"",""unique_buyers_below_10"",""volume_24h_below_15000""]",3857.9700,3823.5700,64.7800,70.6400,1,0,0
0xAfb89a09D82FBDE58f18Ac6437B3fC81724e4dF6,base:0x3A65f421Ea694D411CDef877C0297F14a17aE25f,Reject,0.5069,2h,"[""liquidity_below_10000"",""unique_buyers_below_10"",""volume_24h_below_15000""]",3837.4500,3857.9700,87.2400,64.7800,1,0,0
0xAfb89a09D82FBDE58f18Ac6437B3fC81724e4dF6,base:0x3A65f421Ea694D411CDef877C0297F14a17aE25f,Reject,0.5069,4h,"[""liquidity_below_10000"",""unique_buyers_below_10"",""volume_24h_below_15000""]",3837.4500,3857.9700,87.2400,64.7800,1,0,0
0x1c93d155bD388241F9AB5Df500D69eb529cE9583,base:0xCf69b8DEE96ed7f1fFEc1949bedf64DD0364ddeD,Reject,0.4973,8h,"[""liquidity_below_10000"",""unique_buyers_below_10"",""volume_24h_below_15000""]",2416.5800,2441.4800,68.1300,75.6800,1,0,0
0x1c93d155bD388241F9AB5Df500D69eb529cE9583,base:0xCf69b8DEE96ed7f1fFEc1949bedf64DD0364ddeD,Reject,0.4973,4h,"[""liquidity_below_10000"",""unique_buyers_below_10"",""volume_24h_below_15000""]",2416.5800,2441.4800,68.1300,75.6800,1,0,0
0x1c93d155bD388241F9AB5Df500D69eb529cE9583,base:0xCf69b8DEE96ed7f1fFEc1949bedf64DD0364ddeD,Reject,0.4973,15m,"[""liquidity_below_10000"",""unique_buyers_below_10"",""volume_24h_below_15000""]",2416.5800,2441.4800,68.1300,75.6800,1,0,0
0x1c93d155bD388241F9AB5Df500D69eb529cE9583,base:0xCf69b8DEE96ed7f1fFEc1949bedf64DD0364ddeD,Reject,0.4973,30m,"[""liquidity_below_10000"",""unique_buyers_below_10"",""volume_24h_below_15000""]",2416.5800,2441.4800,68.1300,75.6800,1,0,0
0x1c93d155bD388241F9AB5Df500D69eb529cE9583,base:0xCf69b8DEE96ed7f1fFEc1949bedf64DD0364ddeD,Reject,0.4973,1h,"[""liquidity_below_10000"",""unique_buyers_below_10"",""volume_24h_below_15000""]",2416.5800,2441.4800,68.1300,75.6800,1,0,0
0x1c93d155bD388241F9AB5Df500D69eb529cE9583,base:0xCf69b8DEE96ed7f1fFEc1949bedf64DD0364ddeD,Reject,0.4973,2h,"[""liquidity_below_10000"",""unique_buyers_below_10"",""volume_24h_below_15000""]",2416.5800,2441.4800,68.1300,75.6800,1,0,0
0x1c93d155bD388241F9AB5Df500D69eb529cE9583,base:0xCf69b8DEE96ed7f1fFEc1949bedf64DD0364ddeD,Reject,0.4973,8h,"[""liquidity_below_10000"",""unique_buyers_below_10"",""volume_24h_below_15000""]",2416.5800,2441.4800,68.1300,71.0700,1,0,0
0x1c93d155bD388241F9AB5Df500D69eb529cE9583,base:0xCf69b8DEE96ed7f1fFEc1949bedf64DD0364ddeD,Reject,0.4973,4h,"[""liquidity_below_10000"",""unique_buyers_below_10"",""volume_24h_below_15000""]",2416.5800,2441.4800,68.1300,71.0700,1,0,0
0xAfb89a09D82FBDE58f18Ac6437B3fC81724e4dF6,base:0x3A65f421Ea694D411CDef877C0297F14a17aE25f,Reject,0.4442,8h,"[""buy_pressure_below_30_percent"",""liquidity_below_10000"",""unique_buyers_below_10"",""volume_24h_below_15000""]",3831.3700,3854.0600,85.0300,65.1100,1,0,0
0x534126bB6516359764B41A67a324409Bf5c1EB07,base:0x21a25a02defd26e0a1c2886bb415d074167ddead4601497a853efb60cf9349d6,Reject,-0.4318,8h,"[""liquidity_below_10000"",""unique_buyers_below_10"",""volume_24h_below_15000""]",2342.9600,2332.4200,0.9200,0.4600,1,0,0
0x534126bB6516359764B41A67a324409Bf5c1EB07,base:0x21a25a02defd26e0a1c2886bb415d074167ddead4601497a853efb60cf9349d6,Reject,-0.4318,8h,"[""liquidity_below_10000"",""unique_buyers_below_10"",""volume_24h_below_15000""]",2342.9600,2332.4200,0.9200,0.4600,1,0,0
0x534126bB6516359764B41A67a324409Bf5c1EB07,base:0x21a25a02defd26e0a1c2886bb415d074167ddead4601497a853efb60cf9349d6,Reject,-0.4318,15m,"[""liquidity_below_10000"",""unique_buyers_below_10"",""volume_24h_below_15000""]",2342.9600,2332.4200,0.9200,0.4600,1,0,0
0x534126bB6516359764B41A67a324409Bf5c1EB07,base:0x21a25a02defd26e0a1c2886bb415d074167ddead4601497a853efb60cf9349d6,Reject,-0.4318,30m,"[""liquidity_below_10000"",""unique_buyers_below_10"",""volume_24h_below_15000""]",2342.9600,2332.4200,0.9200,0.4600,1,0,0
0x534126bB6516359764B41A67a324409Bf5c1EB07,base:0x21a25a02defd26e0a1c2886bb415d074167ddead4601497a853efb60cf9349d6,Reject,-0.4318,1h,"[""liquidity_below_10000"",""unique_buyers_below_10"",""volume_24h_below_15000""]",2342.9600,2332.4200,0.9200,0.4600,1,0,0
0x534126bB6516359764B41A67a324409Bf5c1EB07,base:0x21a25a02defd26e0a1c2886bb415d074167ddead4601497a853efb60cf9349d6,Reject,-0.4318,2h,"[""liquidity_below_10000"",""unique_buyers_below_10"",""volume_24h_below_15000""]",2342.9600,2332.4200,0.9200,0.4600,1,0,0
0x534126bB6516359764B41A67a324409Bf5c1EB07,base:0x21a25a02defd26e0a1c2886bb415d074167ddead4601497a853efb60cf9349d6,Reject,-0.4318,8h,"[""liquidity_below_10000"",""unique_buyers_below_10"",""volume_24h_below_15000""]",2342.9600,2332.4200,0.9200,0.4600,1,0,0
0x534126bB6516359764B41A67a324409Bf5c1EB07,base:0x21a25a02defd26e0a1c2886bb415d074167ddead4601497a853efb60cf9349d6,Reject,-0.4318,4h,"[""liquidity_below_10000"",""unique_buyers_below_10"",""volume_24h_below_15000""]",2342.9600,2332.4200,0.9200,0.4600,1,0,0
0x534126bB6516359764B41A67a324409Bf5c1EB07,base:0x21a25a02defd26e0a1c2886bb415d074167ddead4601497a853efb60cf9349d6,Reject,-0.4318,8h,"[""liquidity_below_10000"",""unique_buyers_below_10"",""volume_24h_below_15000""]",2342.9600,2332.4200,0.9200,0.4600,1,0,0
0xAfb89a09D82FBDE58f18Ac6437B3fC81724e4dF6,base:0x3A65f421Ea694D411CDef877C0297F14a17aE25f,Reject,-0.4013,15m,"[""liquidity_below_10000"",""unique_buyers_below_10"",""volume_24h_below_15000""]",3837.4500,3818.0400,87.2400,89.7200,1,0,0
0xAfb89a09D82FBDE58f18Ac6437B3fC81724e4dF6,base:0x3A65f421Ea694D411CDef877C0297F14a17aE25f,Reject,-0.4013,30m,"[""liquidity_below_10000"",""unique_buyers_below_10"",""volume_24h_below_15000""]",3837.4500,3818.0400,87.2400,89.7200,1,0,0
0xAfb89a09D82FBDE58f18Ac6437B3fC81724e4dF6,base:0x3A65f421Ea694D411CDef877C0297F14a17aE25f,Reject,-0.4013,1h,"[""liquidity_below_10000"",""unique_buyers_below_10"",""volume_24h_below_15000""]",3837.4500,3818.0400,87.2400,89.7200,1,0,0
0xAfb89a09D82FBDE58f18Ac6437B3fC81724e4dF6,base:0x3A65f421Ea694D411CDef877C0297F14a17aE25f,Reject,-0.4001,4h,"[""buy_pressure_below_30_percent"",""liquidity_below_10000"",""unique_buyers_below_10"",""volume_24h_below_15000""]",3854.0600,3823.5700,65.1100,70.6400,1,0,0
0xAfb89a09D82FBDE58f18Ac6437B3fC81724e4dF6,base:0x3A65f421Ea694D411CDef877C0297F14a17aE25f,Reject,0.2957,8h,"[""liquidity_below_10000"",""unique_buyers_below_10"",""volume_24h_below_15000""]",3837.4500,3854.0600,87.2400,65.1100,1,0,0
0x31d553822B37BDA67126D5ea9d165B9456f72b07,base:0x4cbc2fda128b81d36f462d0846392f28bea7770079085d833e3bab4aec190353,Reject,-0.2610,8h,"[""unique_buyers_below_10"",""volume_24h_below_15000""]",99124.6800,98829.6800,109.5300,16.0000,0,0,1
0xAfb89a09D82FBDE58f18Ac6437B3fC81724e4dF6,base:0x3A65f421Ea694D411CDef877C0297F14a17aE25f,Reject,-0.2538,2h,"[""buy_pressure_below_30_percent"",""liquidity_below_10000"",""unique_buyers_below_10"",""volume_24h_below_15000""]",3831.3700,3818.0400,85.0300,89.7200,1,0,0
0x38C3f1DaD46436F193e82066C61ADD3D5C42b650,base:0x9bc858ebc44153eaebf8545f76ca25aa40bdffd5a0764be5c499a7c253b17ac1,Reject,-0.2316,8h,"[""fdv_liquidity_ratio_above_200"",""liquidity_below_10000"",""unique_buyers_below_10"",""volume_24h_below_15000""]",278.3100,277.7900,0.5200,0.2900,1,0,0
