id,token_address,chain,provider,security_score,is_honeypot,cannot_sell,is_blacklisted,trading_disabled,is_mintable,is_proxy,owner_renounced,blacklist_function,dangerous_owner_permissions,buy_tax,sell_tax,top_holder_pct,top_10_holder_pct,lp_locked_pct,lp_burned_pct,risk_flags,raw_json,scan_time
2,0x34Ad856501D7566c06FdD8614DB9af3ff351Bd91,base,goplus,,0,0,0,0,0,0,0,0,0,,,,,,,[],{},2026-05-07T11:34:07+00:00
4,0x6e6A3b8B8376eA65B92aD3F93Fe046C186e56764,base,goplus,,0,0,0,0,0,0,0,0,0,,,,,,,[],{},2026-05-07T11:34:07+00:00
5,0x26Aa6B2C2d9fcD83D42e6e32059743805a0D4aA1,base,goplus,,0,0,0,0,0,0,0,0,0,,,,,,,[],{},2026-05-07T11:34:07+00:00
8,0x6e6A3b8B8376eA65B92aD3F93Fe046C186e56764,base,goplus,,0,0,0,0,0,0,0,0,0,,,,,,,[],{},2026-05-07T11:58:20+00:00
9,0x10c56F005a379f8eAfc88ff5c3f40d30F0031AC9,base,goplus,,0,0,0,0,0,0,0,0,0,,,,,,,[],{},2026-05-07T12:58:38+00:00
10,0xAB3AF86f7E31A36b3df1848bD92301Df91f63B07,base,goplus,,0,0,0,0,0,0,0,0,0,,,,,,,[],{},2026-05-07T12:58:38+00:00
11,0x6e6A3b8B8376eA65B92aD3F93Fe046C186e56764,base,goplus,,0,0,0,0,0,0,0,0,0,,,,,,,[],{},2026-05-07T12:58:38+00:00
12,0x3B84CaCB7F66f9Ab9caca4Ac92112E9dB1821E02,base,goplus,,0,0,0,0,0,0,0,0,0,,,,,,,[],{},2026-05-07T14:05:11+00:00
14,0xe1A4c41579756da0c981Ccf8C3cc0aab686f7324,base,goplus,,0,0,0,0,0,0,0,0,0,,,,,,,[],{},2026-05-07T14:05:11+00:00
15,0x10c56F005a379f8eAfc88ff5c3f40d30F0031AC9,base,goplus,,0,0,0,0,0,0,0,0,0,,,,,,,[],{},2026-05-07T14:05:11+00:00
16,0x3B84CaCB7F66f9Ab9caca4Ac92112E9dB1821E02,base,goplus,,0,0,0,0,0,0,0,0,0,,,,,,,[],{},2026-05-07T15:12:09+00:00
17,0x10c56F005a379f8eAfc88ff5c3f40d30F0031AC9,base,goplus,,0,0,0,0,0,0,0,0,0,,,,,,,[],{},2026-05-07T15:12:09+00:00
18,0x072f4B2f239e3e470A496792623adDC08b0fb6b0,base,goplus,,0,0,0,0,0,0,0,0,0,,,,,,,[],{},2026-05-07T15:12:09+00:00
19,0x2B66E3046ce3B41414A2B34f56DcA4553AE1d5C5,base,goplus,,0,0,0,0,0,0,0,0,0,,,,,,,[],{},2026-05-07T15:12:09+00:00
22,0x1Ce6c8e9c88fe8f365FF420ac83fa120bdC92675,base,goplus,,0,0,0,0,0,0,0,0,0,,,,,,,[],{},2026-05-07T16:12:22+00:00
23,0x10c56F005a379f8eAfc88ff5c3f40d30F0031AC9,base,goplus,,0,0,0,0,0,0,0,0,0,,,,,,,[],{},2026-05-07T16:12:22+00:00
24,0x22aaB1803d9B5ED57c4E34090884867F5fdaFbb7,base,goplus,,0,0,0,0,0,0,0,0,0,,,,,,,[],{},2026-05-07T17:12:28+00:00
25,0x10c56F005a379f8eAfc88ff5c3f40d30F0031AC9,base,goplus,,0,0,0,0,0,0,0,0,0,,,,,,,[],{},2026-05-07T17:12:28+00:00
26,0xe618cedc81f845883c61D15297073e7463CbA4Af,base,goplus,,0,0,0,0,0,0,0,0,0,,,,,,,[],{},2026-05-07T17:12:28+00:00
27,0x10c56F005a379f8eAfc88ff5c3f40d30F0031AC9,base,goplus,,0,0,0,0,0,0,0,0,0,,,,,,,[],{},2026-05-07T19:30:25+00:00
29,0x10c56F005a379f8eAfc88ff5c3f40d30F0031AC9,base,goplus,,0,0,0,0,0,0,0,0,0,,,,,,,[],{},2026-05-07T19:44:40+00:00
30,0xA003FBBefBA3B2aC5Ff1A1dF6e7462970bDe4c06,base,goplus,,0,0,0,0,0,0,0,0,0,,,,,,,[],{},2026-05-07T19:44:40+00:00
31,0x10c56F005a379f8eAfc88ff5c3f40d30F0031AC9,base,goplus,,0,0,0,0,0,0,0,0,0,,,,,,,[],{},2026-05-07T21:16:07+00:00
35,0x10c56F005a379f8eAfc88ff5c3f40d30F0031AC9,base,goplus,,0,0,0,0,0,0,0,0,0,,,,,,,[],{},2026-05-08T03:55:43+00:00
37,0xB6da3DbCBEDE77060bd6Ee8aBC75fF9cB75EAB07,base,goplus,,0,0,0,0,0,0,0,0,0,,,,,,,[],{},2026-05-08T06:11:10+00:00
38,0xd7E1FD9D10439544FFB35ccEd8565F5232De1496,base,goplus,,0,0,0,0,0,0,0,0,0,,,,,,,[],{},2026-05-08T07:59:38+00:00
45,0xf3bCBe4ee118ECC57c17820a2F03f46A750aB319,base,goplus,,0,0,0,0,0,0,0,0,0,,,,,,,[],{},2026-05-08T18:45:56+00:00
47,0xA74f7dad0b4c603adA798E2FeE76bD8D6aDfe8ee,base,goplus,,0,0,0,0,0,0,0,0,0,,,,,,,[],{},2026-05-08T23:11:59+00:00
49,0xcEecb3d02b0839ed9f7688679276F523a11f955f,base,goplus,,0,0,0,0,0,0,0,0,0,,,,,,,[],{},2026-05-09T06:28:20+00:00
55,0x10c56F005a379f8eAfc88ff5c3f40d30F0031AC9,base,goplus,,0,0,0,0,0,0,0,0,0,,,,,,,[],{},2026-05-09T17:14:32+00:00
56,0x10c56F005a379f8eAfc88ff5c3f40d30F0031AC9,base,goplus,,0,0,0,0,0,0,0,0,0,,,,,,,[],{},2026-05-09T18:07:27+00:00
57,0xb66e76F9Ed3e13F24C5b68F68BE631CD82AffbA3,base,goplus,,0,0,0,0,0,0,0,0,0,,,,,,,[],{},2026-05-09T19:35:41+00:00
58,0x10c56F005a379f8eAfc88ff5c3f40d30F0031AC9,base,goplus,,0,0,0,0,0,0,0,0,0,,,,,,,[],{},2026-05-09T19:35:41+00:00
59,0xd07379a755A8f11B57610154861D694b2A0f615a,base,goplus,,0,0,0,0,0,0,0,0,0,,,,,,,[],{},2026-05-10T06:58:43+00:00
60,0xEfd2Cf7352b502B2eEDBFc40AAA502caCAAc185b,base,goplus,,0,0,0,0,0,0,0,0,0,,,,,,,[],{},2026-05-10T06:58:43+00:00
61,0x0678488FfCF367e8593708462c95c7e110875e34,base,goplus,,0,0,0,0,0,0,0,0,0,,,,,,,[],{},2026-05-10T06:58:43+00:00
62,0xE59e90e01eBa2754a2EA80AbDb617D4ec7661fF7,base,goplus,,0,0,0,0,0,0,0,0,0,,,,,,,[],{},2026-05-10T06:58:43+00:00
63,0x9ebcA263a1830e0C9a61fA1f6dA515fDfAA809E5,base,goplus,,0,0,0,0,0,0,0,0,0,,,,,,,[],{},2026-05-10T06:58:43+00:00
64,0x0b3e328455c4059EEb9e3f84b5543F74E24e7E1b,base,goplus,,0,0,0,0,0,0,0,0,0,,,,,,,[],{},2026-05-10T06:58:43+00:00
65,0x519D57CD8D6436Ed38B3803F85b3681bE44BCC07,base,goplus,,0,0,0,0,0,0,0,0,0,,,,,,,[],{},2026-05-10T06:58:43+00:00
66,0x2598c30330D5771AE9F983979209486aE26dE875,base,goplus,,0,0,0,0,0,0,0,0,0,,,,,,,[],{},2026-05-10T06:58:43+00:00
67,0xF5Bc3439f53A45607cCaD667AbC7DAF5A583633F,base,goplus,,0,0,0,0,0,0,0,0,0,,,,,,,[],{},2026-05-10T06:58:43+00:00
68,0xD98832e8a59156AcBEe4744B9A94A9989a728f36,base,goplus,,0,0,0,0,0,0,0,0,0,,,,,,,[],{},2026-05-10T06:58:43+00:00
69,0x38C3f1DaD46436F193e82066C61ADD3D5C42b650,base,goplus,,0,0,0,0,0,0,0,0,0,,,,,,,[],{},2026-05-10T06:58:43+00:00
70,0x4ed4E862860beD51a9570b96d89aF5E1B0Efefed,base,goplus,,0,0,0,0,0,0,0,0,0,,,,,,,[],{},2026-05-10T06:58:43+00:00
71,0x52b492a33E447Cdb854c7FC19F1e57E8BfA1777D,base,goplus,,0,0,0,0,0,0,0,0,0,,,,,,,[],{},2026-05-10T06:58:43+00:00
72,0x698DC45e4F10966f6D1D98e3bFd7071d8144C233,base,goplus,,0,0,0,0,0,0,0,0,0,,,,,,,[],{},2026-05-10T06:58:43+00:00
73,0xAfb89a09D82FBDE58f18Ac6437B3fC81724e4dF6,base,goplus,,0,0,0,0,0,0,0,0,0,,,,,,,[],{},2026-05-10T06:58:43+00:00
74,0x8e16D46Cb2dA01cdD49601ec73d7B0344969Ae33,base,goplus,,0,0,0,0,0,0,0,0,0,,,,,,,[],{},2026-05-10T06:58:43+00:00
75,0x2D038DF0279816Ef12011F20FC06F46011aabe1b,base,goplus,,0,0,0,0,0,0,0,0,0,,,,,,,[],{},2026-05-10T06:58:43+00:00
76,0x561CabF17BC4F9eb946D2921276B6Ac8C4906564,base,goplus,,0,0,0,0,0,0,0,0,0,,,,,,,[],{},2026-05-10T06:58:43+00:00
77,0xFd008f937B4d73EEb00Cf74CE90c392be5f07F96,base,goplus,,0,0,0,0,0,0,0,0,0,,,,,,,[],{},2026-05-10T06:58:43+00:00
78,0xECE5d962d17901ef200Da050C7c74AB45C96Db07,base,goplus,,0,0,0,0,0,0,0,0,0,,,,,,,[],{},2026-05-10T06:58:43+00:00
79,0x1c93d155bD388241F9AB5Df500D69eb529cE9583,base,goplus,,0,0,0,0,0,0,0,0,0,,,,,,,[],{},2026-05-10T06:58:43+00:00
80,0xd07379a755A8f11B57610154861D694b2A0f615a,base,goplus,,0,0,0,0,0,0,0,0,0,,,,,,,[],{},2026-05-10T06:59:07+00:00
81,0xEfd2Cf7352b502B2eEDBFc40AAA502caCAAc185b,base,goplus,,0,0,0,0,0,0,0,0,0,,,,,,,[],{},2026-05-10T06:59:07+00:00
82,0x0678488FfCF367e8593708462c95c7e110875e34,base,goplus,,0,0,0,0,0,0,0,0,0,,,,,,,[],{},2026-05-10T06:59:07+00:00
83,0xE59e90e01eBa2754a2EA80AbDb617D4ec7661fF7,base,goplus,,0,0,0,0,0,0,0,0,0,,,,,,,[],{},2026-05-10T06:59:07+00:00
84,0x9ebcA263a1830e0C9a61fA1f6dA515fDfAA809E5,base,goplus,,0,0,0,0,0,0,0,0,0,,,,,,,[],{},2026-05-10T06:59:07+00:00
85,0x0b3e328455c4059EEb9e3f84b5543F74E24e7E1b,base,goplus,,0,0,0,0,0,0,0,0,0,,,,,,,[],{},2026-05-10T06:59:07+00:00
86,0x519D57CD8D6436Ed38B3803F85b3681bE44BCC07,base,goplus,,0,0,0,0,0,0,0,0,0,,,,,,,[],{},2026-05-10T06:59:07+00:00
87,0x2598c30330D5771AE9F983979209486aE26dE875,base,goplus,,0,0,0,0,0,0,0,0,0,,,,,,,[],{},2026-05-10T06:59:07+00:00
88,0xF5Bc3439f53A45607cCaD667AbC7DAF5A583633F,base,goplus,,0,0,0,0,0,0,0,0,0,,,,,,,[],{},2026-05-10T06:59:07+00:00
89,0xD98832e8a59156AcBEe4744B9A94A9989a728f36,base,goplus,,0,0,0,0,0,0,0,0,0,,,,,,,[],{},2026-05-10T06:59:07+00:00
90,0x38C3f1DaD46436F193e82066C61ADD3D5C42b650,base,goplus,,0,0,0,0,0,0,0,0,0,,,,,,,[],{},2026-05-10T06:59:07+00:00
91,0x4ed4E862860beD51a9570b96d89aF5E1B0Efefed,base,goplus,,0,0,0,0,0,0,0,0,0,,,,,,,[],{},2026-05-10T06:59:07+00:00
92,0x52b492a33E447Cdb854c7FC19F1e57E8BfA1777D,base,goplus,,0,0,0,0,0,0,0,0,0,,,,,,,[],{},2026-05-10T06:59:07+00:00
93,0x698DC45e4F10966f6D1D98e3bFd7071d8144C233,base,goplus,,0,0,0,0,0,0,0,0,0,,,,,,,[],{},2026-05-10T06:59:07+00:00
94,0xAfb89a09D82FBDE58f18Ac6437B3fC81724e4dF6,base,goplus,,0,0,0,0,0,0,0,0,0,,,,,,,[],{},2026-05-10T06:59:07+00:00
95,0x8e16D46Cb2dA01cdD49601ec73d7B0344969Ae33,base,goplus,,0,0,0,0,0,0,0,0,0,,,,,,,[],{},2026-05-10T06:59:07+00:00
96,0x2D038DF0279816Ef12011F20FC06F46011aabe1b,base,goplus,,0,0,0,0,0,0,0,0,0,,,,,,,[],{},2026-05-10T06:59:07+00:00
97,0x561CabF17BC4F9eb946D2921276B6Ac8C4906564,base,goplus,,0,0,0,0,0,0,0,0,0,,,,,,,[],{},2026-05-10T06:59:07+00:00
98,0xFd008f937B4d73EEb00Cf74CE90c392be5f07F96,base,goplus,,0,0,0,0,0,0,0,0,0,,,,,,,[],{},2026-05-10T06:59:07+00:00
99,0xECE5d962d17901ef200Da050C7c74AB45C96Db07,base,goplus,,0,0,0,0,0,0,0,0,0,,,,,,,[],{},2026-05-10T06:59:07+00:00
100,0x1c93d155bD388241F9AB5Df500D69eb529cE9583,base,goplus,,0,0,0,0,0,0,0,0,0,,,,,,,[],{},2026-05-10T06:59:07+00:00
101,0xd07379a755A8f11B57610154861D694b2A0f615a,base,goplus,,0,0,0,0,0,0,0,0,0,,,,,,,[],{},2026-05-10T07:04:20+00:00
102,0xEfd2Cf7352b502B2eEDBFc40AAA502caCAAc185b,base,goplus,,0,0,0,0,0,0,0,0,0,,,,,,,[],{},2026-05-10T07:04:20+00:00
103,0x0678488FfCF367e8593708462c95c7e110875e34,base,goplus,,0,0,0,0,0,0,0,0,0,,,,,,,[],{},2026-05-10T07:04:20+00:00
104,0xE59e90e01eBa2754a2EA80AbDb617D4ec7661fF7,base,goplus,,0,0,0,0,0,0,0,0,0,,,,,,,[],{},2026-05-10T07:04:20+00:00
105,0x9ebcA263a1830e0C9a61fA1f6dA515fDfAA809E5,base,goplus,,0,0,0,0,0,0,0,0,0,,,,,,,[],{},2026-05-10T07:04:20+00:00
106,0x0b3e328455c4059EEb9e3f84b5543F74E24e7E1b,base,goplus,,0,0,0,0,0,0,0,0,0,,,,,,,[],{},2026-05-10T07:04:20+00:00
107,0x519D57CD8D6436Ed38B3803F85b3681bE44BCC07,base,goplus,,0,0,0,0,0,0,0,0,0,,,,,,,[],{},2026-05-10T07:04:20+00:00
108,0x2598c30330D5771AE9F983979209486aE26dE875,base,goplus,,0,0,0,0,0,0,0,0,0,,,,,,,[],{},2026-05-10T07:04:20+00:00
109,0xF5Bc3439f53A45607cCaD667AbC7DAF5A583633F,base,goplus,,0,0,0,0,0,0,0,0,0,,,,,,,[],{},2026-05-10T07:04:20+00:00
110,0xD98832e8a59156AcBEe4744B9A94A9989a728f36,base,goplus,,0,0,0,0,0,0,0,0,0,,,,,,,[],{},2026-05-10T07:04:20+00:00
111,0x38C3f1DaD46436F193e82066C61ADD3D5C42b650,base,goplus,,0,0,0,0,0,0,0,0,0,,,,,,,[],{},2026-05-10T07:04:20+00:00
112,0x4ed4E862860beD51a9570b96d89aF5E1B0Efefed,base,goplus,,0,0,0,0,0,0,0,0,0,,,,,,,[],{},2026-05-10T07:04:20+00:00
113,0x52b492a33E447Cdb854c7FC19F1e57E8BfA1777D,base,goplus,,0,0,0,0,0,0,0,0,0,,,,,,,[],{},2026-05-10T07:04:20+00:00
114,0x698DC45e4F10966f6D1D98e3bFd7071d8144C233,base,goplus,,0,0,0,0,0,0,0,0,0,,,,,,,[],{},2026-05-10T07:04:20+00:00
115,0xAfb89a09D82FBDE58f18Ac6437B3fC81724e4dF6,base,goplus,,0,0,0,0,0,0,0,0,0,,,,,,,[],{},2026-05-10T07:04:20+00:00
116,0x8e16D46Cb2dA01cdD49601ec73d7B0344969Ae33,base,goplus,,0,0,0,0,0,0,0,0,0,,,,,,,[],{},2026-05-10T07:04:20+00:00
117,0x2D038DF0279816Ef12011F20FC06F46011aabe1b,base,goplus,,0,0,0,0,0,0,0,0,0,,,,,,,[],{},2026-05-10T07:04:20+00:00
118,0x561CabF17BC4F9eb946D2921276B6Ac8C4906564,base,goplus,,0,0,0,0,0,0,0,0,0,,,,,,,[],{},2026-05-10T07:04:20+00:00
119,0xFd008f937B4d73EEb00Cf74CE90c392be5f07F96,base,goplus,,0,0,0,0,0,0,0,0,0,,,,,,,[],{},2026-05-10T07:04:20+00:00
120,0xECE5d962d17901ef200Da050C7c74AB45C96Db07,base,goplus,,0,0,0,0,0,0,0,0,0,,,,,,,[],{},2026-05-10T07:04:20+00:00
121,0x1c93d155bD388241F9AB5Df500D69eb529cE9583,base,goplus,,0,0,0,0,0,0,0,0,0,,,,,,,[],{},2026-05-10T07:04:20+00:00
122,0xd07379a755A8f11B57610154861D694b2A0f615a,base,goplus,,0,0,0,0,0,0,0,0,0,,,,,,,[],{},2026-05-10T07:35:47+00:00
123,0xEfd2Cf7352b502B2eEDBFc40AAA502caCAAc185b,base,goplus,,0,0,0,0,0,0,0,0,0,,,,,,,[],{},2026-05-10T07:35:47+00:00
124,0x0678488FfCF367e8593708462c95c7e110875e34,base,goplus,,0,0,0,0,0,0,0,0,0,,,,,,,[],{},2026-05-10T07:35:47+00:00
125,0xE59e90e01eBa2754a2EA80AbDb617D4ec7661fF7,base,goplus,,0,0,0,0,0,0,0,0,0,,,,,,,[],{},2026-05-10T07:35:47+00:00
126,0x9ebcA263a1830e0C9a61fA1f6dA515fDfAA809E5,base,goplus,,0,0,0,0,0,0,0,0,0,,,,,,,[],{},2026-05-10T07:35:47+00:00
127,0x0b3e328455c4059EEb9e3f84b5543F74E24e7E1b,base,goplus,,0,0,0,0,0,0,0,0,0,,,,,,,[],{},2026-05-10T07:35:47+00:00
128,0x519D57CD8D6436Ed38B3803F85b3681bE44BCC07,base,goplus,,0,0,0,0,0,0,0,0,0,,,,,,,[],{},2026-05-10T07:35:47+00:00
129,0x2598c30330D5771AE9F983979209486aE26dE875,base,goplus,,0,0,0,0,0,0,0,0,0,,,,,,,[],{},2026-05-10T07:35:47+00:00
130,0xF5Bc3439f53A45607cCaD667AbC7DAF5A583633F,base,goplus,,0,0,0,0,0,0,0,0,0,,,,,,,[],{},2026-05-10T07:35:47+00:00
131,0xD98832e8a59156AcBEe4744B9A94A9989a728f36,base,goplus,,0,0,0,0,0,0,0,0,0,,,,,,,[],{},2026-05-10T07:35:47+00:00
132,0x38C3f1DaD46436F193e82066C61ADD3D5C42b650,base,goplus,,0,0,0,0,0,0,0,0,0,,,,,,,[],{},2026-05-10T07:35:47+00:00
133,0x4ed4E862860beD51a9570b96d89aF5E1B0Efefed,base,goplus,,0,0,0,0,0,0,0,0,0,,,,,,,[],{},2026-05-10T07:35:47+00:00
134,0x52b492a33E447Cdb854c7FC19F1e57E8BfA1777D,base,goplus,,0,0,0,0,0,0,0,0,0,,,,,,,[],{},2026-05-10T07:35:47+00:00
135,0x698DC45e4F10966f6D1D98e3bFd7071d8144C233,base,goplus,,0,0,0,0,0,0,0,0,0,,,,,,,[],{},2026-05-10T07:35:47+00:00
136,0xAfb89a09D82FBDE58f18Ac6437B3fC81724e4dF6,base,goplus,,0,0,0,0,0,0,0,0,0,,,,,,,[],{},2026-05-10T07:35:47+00:00
137,0x8e16D46Cb2dA01cdD49601ec73d7B0344969Ae33,base,goplus,,0,0,0,0,0,0,0,0,0,,,,,,,[],{},2026-05-10T07:35:47+00:00
138,0x2D038DF0279816Ef12011F20FC06F46011aabe1b,base,goplus,,0,0,0,0,0,0,0,0,0,,,,,,,[],{},2026-05-10T07:35:47+00:00
139,0x561CabF17BC4F9eb946D2921276B6Ac8C4906564,base,goplus,,0,0,0,0,0,0,0,0,0,,,,,,,[],{},2026-05-10T07:35:47+00:00
140,0xFd008f937B4d73EEb00Cf74CE90c392be5f07F96,base,goplus,,0,0,0,0,0,0,0,0,0,,,,,,,[],{},2026-05-10T07:35:47+00:00
141,0xECE5d962d17901ef200Da050C7c74AB45C96Db07,base,goplus,,0,0,0,0,0,0,0,0,0,,,,,,,[],{},2026-05-10T07:35:47+00:00
142,0x1c93d155bD388241F9AB5Df500D69eb529cE9583,base,goplus,,0,0,0,0,0,0,0,0,0,,,,,,,[],{},2026-05-10T07:35:47+00:00
143,0xd07379a755A8f11B57610154861D694b2A0f615a,base,goplus,,0,0,0,0,0,0,0,0,0,,,,,,,[],{},2026-05-10T09:49:09+00:00
144,0xEfd2Cf7352b502B2eEDBFc40AAA502caCAAc185b,base,goplus,,0,0,0,0,0,0,0,0,0,,,,,,,[],{},2026-05-10T09:49:09+00:00
145,0x0678488FfCF367e8593708462c95c7e110875e34,base,goplus,,0,0,0,0,0,0,0,0,0,,,,,,,[],{},2026-05-10T09:49:09+00:00
146,0xE59e90e01eBa2754a2EA80AbDb617D4ec7661fF7,base,goplus,,0,0,0,0,0,0,0,0,0,,,,,,,[],{},2026-05-10T09:49:09+00:00
147,0x9ebcA263a1830e0C9a61fA1f6dA515fDfAA809E5,base,goplus,,0,0,0,0,0,0,0,0,0,,,,,,,[],{},2026-05-10T09:49:09+00:00
148,0x0b3e328455c4059EEb9e3f84b5543F74E24e7E1b,base,goplus,,0,0,0,0,0,0,0,0,0,,,,,,,[],{},2026-05-10T09:49:09+00:00
149,0x519D57CD8D6436Ed38B3803F85b3681bE44BCC07,base,goplus,,0,0,0,0,0,0,0,0,0,,,,,,,[],{},2026-05-10T09:49:09+00:00
150,0x2598c30330D5771AE9F983979209486aE26dE875,base,goplus,,0,0,0,0,0,0,0,0,0,,,,,,,[],{},2026-05-10T09:49:09+00:00
151,0xF5Bc3439f53A45607cCaD667AbC7DAF5A583633F,base,goplus,,0,0,0,0,0,0,0,0,0,,,,,,,[],{},2026-05-10T09:49:09+00:00
152,0xD98832e8a59156AcBEe4744B9A94A9989a728f36,base,goplus,,0,0,0,0,0,0,0,0,0,,,,,,,[],{},2026-05-10T09:49:09+00:00
153,0x8be807073C8b9831cB4afe98CDb407E8B7896Ba3,base,goplus,,0,0,0,0,0,0,0,0,0,,,,,,,[],{},2026-05-10T09:49:09+00:00
154,0x38C3f1DaD46436F193e82066C61ADD3D5C42b650,base,goplus,,0,0,0,0,0,0,0,0,0,,,,,,,[],{},2026-05-10T09:49:09+00:00
155,0x4ed4E862860beD51a9570b96d89aF5E1B0Efefed,base,goplus,,0,0,0,0,0,0,0,0,0,,,,,,,[],{},2026-05-10T09:49:09+00:00
156,0x52b492a33E447Cdb854c7FC19F1e57E8BfA1777D,base,goplus,,0,0,0,0,0,0,0,0,0,,,,,,,[],{},2026-05-10T09:49:09+00:00
157,0x698DC45e4F10966f6D1D98e3bFd7071d8144C233,base,goplus,,0,0,0,0,0,0,0,0,0,,,,,,,[],{},2026-05-10T09:49:09+00:00
158,0xAfb89a09D82FBDE58f18Ac6437B3fC81724e4dF6,base,goplus,,0,0,0,0,0,0,0,0,0,,,,,,,[],{},2026-05-10T09:49:09+00:00
159,0x8e16D46Cb2dA01cdD49601ec73d7B0344969Ae33,base,goplus,,0,0,0,0,0,0,0,0,0,,,,,,,[],{},2026-05-10T09:49:09+00:00
160,0x2D038DF0279816Ef12011F20FC06F46011aabe1b,base,goplus,,0,0,0,0,0,0,0,0,0,,,,,,,[],{},2026-05-10T09:49:09+00:00
161,0x561CabF17BC4F9eb946D2921276B6Ac8C4906564,base,goplus,,0,0,0,0,0,0,0,0,0,,,,,,,[],{},2026-05-10T09:49:09+00:00
162,0xFd008f937B4d73EEb00Cf74CE90c392be5f07F96,base,goplus,,0,0,0,0,0,0,0,0,0,,,,,,,[],{},2026-05-10T09:49:09+00:00
163,0xECE5d962d17901ef200Da050C7c74AB45C96Db07,base,goplus,,0,0,0,0,0,0,0,0,0,,,,,,,[],{},2026-05-10T09:49:09+00:00
164,0x1c93d155bD388241F9AB5Df500D69eb529cE9583,base,goplus,,0,0,0,0,0,0,0,0,0,,,,,,,[],{},2026-05-10T09:49:09+00:00
165,0x8f9e7ce623e99C789dc01579a42522CF9077CC8a,base,goplus,,0,0,0,0,0,0,0,0,0,,,,,,,[],{},2026-05-10T11:15:30+00:00
166,0xd07379a755A8f11B57610154861D694b2A0f615a,base,goplus,,0,0,0,0,0,0,0,0,0,,,,,,,[],{},2026-05-10T11:15:30+00:00
167,0xEfd2Cf7352b502B2eEDBFc40AAA502caCAAc185b,base,goplus,,0,0,0,0,0,0,0,0,0,,,,,,,[],{},2026-05-10T11:15:30+00:00
168,0x0678488FfCF367e8593708462c95c7e110875e34,base,goplus,,0,0,0,0,0,0,0,0,0,,,,,,,[],{},2026-05-10T11:15:30+00:00
169,0xE59e90e01eBa2754a2EA80AbDb617D4ec7661fF7,base,goplus,,0,0,0,0,0,0,0,0,0,,,,,,,[],{},2026-05-10T11:15:30+00:00
170,0x9ebcA263a1830e0C9a61fA1f6dA515fDfAA809E5,base,goplus,,0,0,0,0,0,0,0,0,0,,,,,,,[],{},2026-05-10T11:15:30+00:00
171,0x0b3e328455c4059EEb9e3f84b5543F74E24e7E1b,base,goplus,,0,0,0,0,0,0,0,0,0,,,,,,,[],{},2026-05-10T11:15:30+00:00
172,0x519D57CD8D6436Ed38B3803F85b3681bE44BCC07,base,goplus,,0,0,0,0,0,0,0,0,0,,,,,,,[],{},2026-05-10T11:15:30+00:00
173,0x2598c30330D5771AE9F983979209486aE26dE875,base,goplus,,0,0,0,0,0,0,0,0,0,,,,,,,[],{},2026-05-10T11:15:30+00:00
174,0xF5Bc3439f53A45607cCaD667AbC7DAF5A583633F,base,goplus,,0,0,0,0,0,0,0,0,0,,,,,,,[],{},2026-05-10T11:15:30+00:00
175,0xD98832e8a59156AcBEe4744B9A94A9989a728f36,base,goplus,,0,0,0,0,0,0,0,0,0,,,,,,,[],{},2026-05-10T11:15:30+00:00
176,0x8be807073C8b9831cB4afe98CDb407E8B7896Ba3,base,goplus,,0,0,0,0,0,0,0,0,0,,,,,,,[],{},2026-05-10T11:15:30+00:00
177,0x38C3f1DaD46436F193e82066C61ADD3D5C42b650,base,goplus,,0,0,0,0,0,0,0,0,0,,,,,,,[],{},2026-05-10T11:15:30+00:00
178,0x4ed4E862860beD51a9570b96d89aF5E1B0Efefed,base,goplus,,0,0,0,0,0,0,0,0,0,,,,,,,[],{},2026-05-10T11:15:30+00:00
179,0x52b492a33E447Cdb854c7FC19F1e57E8BfA1777D,base,goplus,,0,0,0,0,0,0,0,0,0,,,,,,,[],{},2026-05-10T11:15:30+00:00
180,0x698DC45e4F10966f6D1D98e3bFd7071d8144C233,base,goplus,,0,0,0,0,0,0,0,0,0,,,,,,,[],{},2026-05-10T11:15:30+00:00
181,0xAfb89a09D82FBDE58f18Ac6437B3fC81724e4dF6,base,goplus,,0,0,0,0,0,0,0,0,0,,,,,,,[],{},2026-05-10T11:15:30+00:00
182,0x8e16D46Cb2dA01cdD49601ec73d7B0344969Ae33,base,goplus,,0,0,0,0,0,0,0,0,0,,,,,,,[],{},2026-05-10T11:15:30+00:00
183,0x2D038DF0279816Ef12011F20FC06F46011aabe1b,base,goplus,,0,0,0,0,0,0,0,0,0,,,,,,,[],{},2026-05-10T11:15:30+00:00
184,0x561CabF17BC4F9eb946D2921276B6Ac8C4906564,base,goplus,,0,0,0,0,0,0,0,0,0,,,,,,,[],{},2026-05-10T11:15:30+00:00
185,0xFd008f937B4d73EEb00Cf74CE90c392be5f07F96,base,goplus,,0,0,0,0,0,0,0,0,0,,,,,,,[],{},2026-05-10T11:15:30+00:00
186,0xECE5d962d17901ef200Da050C7c74AB45C96Db07,base,goplus,,0,0,0,0,0,0,0,0,0,,,,,,,[],{},2026-05-10T11:15:30+00:00
187,0x1c93d155bD388241F9AB5Df500D69eb529cE9583,base,goplus,,0,0,0,0,0,0,0,0,0,,,,,,,[],{},2026-05-10T11:15:30+00:00
188,0xf41FaaCdD6b1D0Db127Ec16572B1CAC861F75544,base,goplus,,0,0,0,0,0,0,0,0,0,,,,,,,[],{},2026-05-10T12:06:48+00:00
189,0x8f9e7ce623e99C789dc01579a42522CF9077CC8a,base,goplus,,0,0,0,0,0,0,0,0,0,,,,,,,[],{},2026-05-10T12:06:48+00:00
190,0xd07379a755A8f11B57610154861D694b2A0f615a,base,goplus,,0,0,0,0,0,0,0,0,0,,,,,,,[],{},2026-05-10T12:06:48+00:00
191,0xEfd2Cf7352b502B2eEDBFc40AAA502caCAAc185b,base,goplus,,0,0,0,0,0,0,0,0,0,,,,,,,[],{},2026-05-10T12:06:48+00:00
192,0x0678488FfCF367e8593708462c95c7e110875e34,base,goplus,,0,0,0,0,0,0,0,0,0,,,,,,,[],{},2026-05-10T12:06:48+00:00
193,0xE59e90e01eBa2754a2EA80AbDb617D4ec7661fF7,base,goplus,,0,0,0,0,0,0,0,0,0,,,,,,,[],{},2026-05-10T12:06:48+00:00
194,0x9ebcA263a1830e0C9a61fA1f6dA515fDfAA809E5,base,goplus,,0,0,0,0,0,0,0,0,0,,,,,,,[],{},2026-05-10T12:06:48+00:00
195,0x0b3e328455c4059EEb9e3f84b5543F74E24e7E1b,base,goplus,,0,0,0,0,0,0,0,0,0,,,,,,,[],{},2026-05-10T12:06:48+00:00
196,0x519D57CD8D6436Ed38B3803F85b3681bE44BCC07,base,goplus,,0,0,0,0,0,0,0,0,0,,,,,,,[],{},2026-05-10T12:06:48+00:00
197,0x2598c30330D5771AE9F983979209486aE26dE875,base,goplus,,0,0,0,0,0,0,0,0,0,,,,,,,[],{},2026-05-10T12:06:48+00:00
198,0xF5Bc3439f53A45607cCaD667AbC7DAF5A583633F,base,goplus,,0,0,0,0,0,0,0,0,0,,,,,,,[],{},2026-05-10T12:06:48+00:00
199,0xD98832e8a59156AcBEe4744B9A94A9989a728f36,base,goplus,,0,0,0,0,0,0,0,0,0,,,,,,,[],{},2026-05-10T12:06:48+00:00
200,0x8be807073C8b9831cB4afe98CDb407E8B7896Ba3,base,goplus,,0,0,0,0,0,0,0,0,0,,,,,,,[],{},2026-05-10T12:06:48+00:00
201,0x38C3f1DaD46436F193e82066C61ADD3D5C42b650,base,goplus,,0,0,0,0,0,0,0,0,0,,,,,,,[],{},2026-05-10T12:06:48+00:00
202,0x4ed4E862860beD51a9570b96d89aF5E1B0Efefed,base,goplus,,0,0,0,0,0,0,0,0,0,,,,,,,[],{},2026-05-10T12:06:48+00:00
203,0x52b492a33E447Cdb854c7FC19F1e57E8BfA1777D,base,goplus,,0,0,0,0,0,0,0,0,0,,,,,,,[],{},2026-05-10T12:06:48+00:00
204,0x698DC45e4F10966f6D1D98e3bFd7071d8144C233,base,goplus,,0,0,0,0,0,0,0,0,0,,,,,,,[],{},2026-05-10T12:06:48+00:00
205,0xAfb89a09D82FBDE58f18Ac6437B3fC81724e4dF6,base,goplus,,0,0,0,0,0,0,0,0,0,,,,,,,[],{},2026-05-10T12:06:48+00:00
206,0x8e16D46Cb2dA01cdD49601ec73d7B0344969Ae33,base,goplus,,0,0,0,0,0,0,0,0,0,,,,,,,[],{},2026-05-10T12:06:48+00:00
207,0x2D038DF0279816Ef12011F20FC06F46011aabe1b,base,goplus,,0,0,0,0,0,0,0,0,0,,,,,,,[],{},2026-05-10T12:06:48+00:00
208,0x561CabF17BC4F9eb946D2921276B6Ac8C4906564,base,goplus,,0,0,0,0,0,0,0,0,0,,,,,,,[],{},2026-05-10T12:06:48+00:00
209,0xFd008f937B4d73EEb00Cf74CE90c392be5f07F96,base,goplus,,0,0,0,0,0,0,0,0,0,,,,,,,[],{},2026-05-10T12:06:48+00:00
210,0xECE5d962d17901ef200Da050C7c74AB45C96Db07,base,goplus,,0,0,0,0,0,0,0,0,0,,,,,,,[],{},2026-05-10T12:06:48+00:00
211,0x1c93d155bD388241F9AB5Df500D69eb529cE9583,base,goplus,,0,0,0,0,0,0,0,0,0,,,,,,,[],{},2026-05-10T12:06:48+00:00
212,0x6dD46f366D02571A60969e9A517E736681596B07,base,goplus,,0,0,0,0,0,0,0,0,0,,,,,,,[],{},2026-05-10T13:57:29+00:00
213,0x409e79C96389C00Fb5a46586acE2615c6d09C76e,base,goplus,,0,0,0,0,0,0,0,0,0,,,,,,,[],{},2026-05-10T13:57:29+00:00
214,0x05A53C6153a9040Fbe58A2a106bC84577C34B422,base,goplus,,0,0,0,0,0,0,0,0,0,,,,,,,[],{},2026-05-10T13:57:29+00:00
215,0xf41FaaCdD6b1D0Db127Ec16572B1CAC861F75544,base,goplus,,0,0,0,0,0,0,0,0,0,,,,,,,[],{},2026-05-10T13:57:29+00:00
216,0xd07379a755A8f11B57610154861D694b2A0f615a,base,goplus,,0,0,0,0,0,0,0,0,0,,,,,,,[],{},2026-05-10T13:57:29+00:00
217,0xEfd2Cf7352b502B2eEDBFc40AAA502caCAAc185b,base,goplus,,0,0,0,0,0,0,0,0,0,,,,,,,[],{},2026-05-10T13:57:29+00:00
218,0x0678488FfCF367e8593708462c95c7e110875e34,base,goplus,,0,0,0,0,0,0,0,0,0,,,,,,,[],{},2026-05-10T13:57:29+00:00
219,0xE59e90e01eBa2754a2EA80AbDb617D4ec7661fF7,base,goplus,,0,0,0,0,0,0,0,0,0,,,,,,,[],{},2026-05-10T13:57:29+00:00
220,0x9ebcA263a1830e0C9a61fA1f6dA515fDfAA809E5,base,goplus,,0,0,0,0,0,0,0,0,0,,,,,,,[],{},2026-05-10T13:57:29+00:00
221,0x0b3e328455c4059EEb9e3f84b5543F74E24e7E1b,base,goplus,,0,0,0,0,0,0,0,0,0,,,,,,,[],{},2026-05-10T13:57:29+00:00
222,0x519D57CD8D6436Ed38B3803F85b3681bE44BCC07,base,goplus,,0,0,0,0,0,0,0,0,0,,,,,,,[],{},2026-05-10T13:57:29+00:00
223,0x2598c30330D5771AE9F983979209486aE26dE875,base,goplus,,0,0,0,0,0,0,0,0,0,,,,,,,[],{},2026-05-10T13:57:29+00:00
224,0xF5Bc3439f53A45607cCaD667AbC7DAF5A583633F,base,goplus,,0,0,0,0,0,0,0,0,0,,,,,,,[],{},2026-05-10T13:57:29+00:00
225,0xD98832e8a59156AcBEe4744B9A94A9989a728f36,base,goplus,,0,0,0,0,0,0,0,0,0,,,,,,,[],{},2026-05-10T13:57:29+00:00
226,0x8be807073C8b9831cB4afe98CDb407E8B7896Ba3,base,goplus,,0,0,0,0,0,0,0,0,0,,,,,,,[],{},2026-05-10T13:57:29+00:00
227,0x38C3f1DaD46436F193e82066C61ADD3D5C42b650,base,goplus,,0,0,0,0,0,0,0,0,0,,,,,,,[],{},2026-05-10T13:57:29+00:00
228,0x5F09821CBb61e09D2a83124Ae0B56aaa3ae85B07,base,goplus,,0,0,0,0,0,0,0,0,0,,,,,,,[],{},2026-05-10T13:57:29+00:00
229,0x4ed4E862860beD51a9570b96d89aF5E1B0Efefed,base,goplus,,0,0,0,0,0,0,0,0,0,,,,,,,[],{},2026-05-10T13:57:29+00:00
230,0x52b492a33E447Cdb854c7FC19F1e57E8BfA1777D,base,goplus,,0,0,0,0,0,0,0,0,0,,,,,,,[],{},2026-05-10T13:57:29+00:00
231,0x698DC45e4F10966f6D1D98e3bFd7071d8144C233,base,goplus,,0,0,0,0,0,0,0,0,0,,,,,,,[],{},2026-05-10T13:57:29+00:00
232,0xAfb89a09D82FBDE58f18Ac6437B3fC81724e4dF6,base,goplus,,0,0,0,0,0,0,0,0,0,,,,,,,[],{},2026-05-10T13:57:29+00:00
233,0x8e16D46Cb2dA01cdD49601ec73d7B0344969Ae33,base,goplus,,0,0,0,0,0,0,0,0,0,,,,,,,[],{},2026-05-10T13:57:29+00:00
234,0x2D038DF0279816Ef12011F20FC06F46011aabe1b,base,goplus,,0,0,0,0,0,0,0,0,0,,,,,,,[],{},2026-05-10T13:57:29+00:00
235,0x561CabF17BC4F9eb946D2921276B6Ac8C4906564,base,goplus,,0,0,0,0,0,0,0,0,0,,,,,,,[],{},2026-05-10T13:57:29+00:00
236,0xFd008f937B4d73EEb00Cf74CE90c392be5f07F96,base,goplus,,0,0,0,0,0,0,0,0,0,,,,,,,[],{},2026-05-10T13:57:29+00:00
237,0xECE5d962d17901ef200Da050C7c74AB45C96Db07,base,goplus,,0,0,0,0,0,0,0,0,0,,,,,,,[],{},2026-05-10T13:57:29+00:00
238,0x1c93d155bD388241F9AB5Df500D69eb529cE9583,base,goplus,,0,0,0,0,0,0,0,0,0,,,,,,,[],{},2026-05-10T13:57:29+00:00
239,0x31d553822B37BDA67126D5ea9d165B9456f72b07,base,goplus,,0,0,0,0,0,0,0,0,0,,,,,,,[],{},2026-05-10T13:57:29+00:00
240,0xF2270F70E4D5AA860337CF1E698b155aDd6E692D,base,goplus,,0,0,0,0,0,0,0,0,0,,,,,,,[],{},2026-05-10T14:55:06+00:00
241,0x6dD46f366D02571A60969e9A517E736681596B07,base,goplus,,0,0,0,0,0,0,0,0,0,,,,,,,[],{},2026-05-10T14:55:06+00:00
242,0x409e79C96389C00Fb5a46586acE2615c6d09C76e,base,goplus,,0,0,0,0,0,0,0,0,0,,,,,,,[],{},2026-05-10T14:55:06+00:00
243,0x05A53C6153a9040Fbe58A2a106bC84577C34B422,base,goplus,,0,0,0,0,0,0,0,0,0,,,,,,,[],{},2026-05-10T14:55:06+00:00
244,0xd07379a755A8f11B57610154861D694b2A0f615a,base,goplus,,0,0,0,0,0,0,0,0,0,,,,,,,[],{},2026-05-10T14:55:06+00:00
245,0xEfd2Cf7352b502B2eEDBFc40AAA502caCAAc185b,base,goplus,,0,0,0,0,0,0,0,0,0,,,,,,,[],{},2026-05-10T14:55:06+00:00
246,0x0678488FfCF367e8593708462c95c7e110875e34,base,goplus,,0,0,0,0,0,0,0,0,0,,,,,,,[],{},2026-05-10T14:55:06+00:00
247,0xE59e90e01eBa2754a2EA80AbDb617D4ec7661fF7,base,goplus,,0,0,0,0,0,0,0,0,0,,,,,,,[],{},2026-05-10T14:55:06+00:00
248,0x9ebcA263a1830e0C9a61fA1f6dA515fDfAA809E5,base,goplus,,0,0,0,0,0,0,0,0,0,,,,,,,[],{},2026-05-10T14:55:06+00:00
249,0x0b3e328455c4059EEb9e3f84b5543F74E24e7E1b,base,goplus,,0,0,0,0,0,0,0,0,0,,,,,,,[],{},2026-05-10T14:55:06+00:00
250,0x2598c30330D5771AE9F983979209486aE26dE875,base,goplus,,0,0,0,0,0,0,0,0,0,,,,,,,[],{},2026-05-10T14:55:06+00:00
251,0xFC42E94C8F2873D10AD852588F7a2b84E0F63b07,base,goplus,,0,0,0,0,0,0,0,0,0,,,,,,,[],{},2026-05-10T14:55:06+00:00
252,0xF5Bc3439f53A45607cCaD667AbC7DAF5A583633F,base,goplus,,0,0,0,0,0,0,0,0,0,,,,,,,[],{},2026-05-10T14:55:06+00:00
253,0xD98832e8a59156AcBEe4744B9A94A9989a728f36,base,goplus,,0,0,0,0,0,0,0,0,0,,,,,,,[],{},2026-05-10T14:55:06+00:00
254,0x8be807073C8b9831cB4afe98CDb407E8B7896Ba3,base,goplus,,0,0,0,0,0,0,0,0,0,,,,,,,[],{},2026-05-10T14:55:06+00:00
255,0x38C3f1DaD46436F193e82066C61ADD3D5C42b650,base,goplus,,0,0,0,0,0,0,0,0,0,,,,,,,[],{},2026-05-10T14:55:06+00:00
256,0x4ed4E862860beD51a9570b96d89aF5E1B0Efefed,base,goplus,,0,0,0,0,0,0,0,0,0,,,,,,,[],{},2026-05-10T14:55:06+00:00
257,0x52b492a33E447Cdb854c7FC19F1e57E8BfA1777D,base,goplus,,0,0,0,0,0,0,0,0,0,,,,,,,[],{},2026-05-10T14:55:06+00:00
258,0x698DC45e4F10966f6D1D98e3bFd7071d8144C233,base,goplus,,0,0,0,0,0,0,0,0,0,,,,,,,[],{},2026-05-10T14:55:06+00:00
259,0xAfb89a09D82FBDE58f18Ac6437B3fC81724e4dF6,base,goplus,,0,0,0,0,0,0,0,0,0,,,,,,,[],{},2026-05-10T14:55:06+00:00
260,0x8e16D46Cb2dA01cdD49601ec73d7B0344969Ae33,base,goplus,,0,0,0,0,0,0,0,0,0,,,,,,,[],{},2026-05-10T14:55:06+00:00
261,0x2D038DF0279816Ef12011F20FC06F46011aabe1b,base,goplus,,0,0,0,0,0,0,0,0,0,,,,,,,[],{},2026-05-10T14:55:06+00:00
262,0x561CabF17BC4F9eb946D2921276B6Ac8C4906564,base,goplus,,0,0,0,0,0,0,0,0,0,,,,,,,[],{},2026-05-10T14:55:06+00:00
263,0xFd008f937B4d73EEb00Cf74CE90c392be5f07F96,base,goplus,,0,0,0,0,0,0,0,0,0,,,,,,,[],{},2026-05-10T14:55:06+00:00
264,0x4aDcB020228Cff4bFAD4e74C1f890af59d9BbbA3,base,goplus,,0,0,0,0,0,0,0,0,0,,,,,,,[],{},2026-05-10T14:55:06+00:00
265,0xECE5d962d17901ef200Da050C7c74AB45C96Db07,base,goplus,,0,0,0,0,0,0,0,0,0,,,,,,,[],{},2026-05-10T14:55:06+00:00
266,0x1c93d155bD388241F9AB5Df500D69eb529cE9583,base,goplus,,0,0,0,0,0,0,0,0,0,,,,,,,[],{},2026-05-10T14:55:06+00:00
267,0x31d553822B37BDA67126D5ea9d165B9456f72b07,base,goplus,,0,0,0,0,0,0,0,0,0,,,,,,,[],{},2026-05-10T14:55:06+00:00
268,0xCC80a655FED2907Edb40B98934bc6fa28418AB07,base,goplus,,0,0,0,0,0,0,0,0,0,,,,,,,[],{},2026-05-10T15:15:57+00:00
269,0xF2270F70E4D5AA860337CF1E698b155aDd6E692D,base,goplus,,0,0,0,0,0,0,0,0,0,,,,,,,[],{},2026-05-10T15:15:57+00:00
270,0xd07379a755A8f11B57610154861D694b2A0f615a,base,goplus,,0,0,0,0,0,0,0,0,0,,,,,,,[],{},2026-05-10T15:15:57+00:00
271,0xEfd2Cf7352b502B2eEDBFc40AAA502caCAAc185b,base,goplus,,0,0,0,0,0,0,0,0,0,,,,,,,[],{},2026-05-10T15:15:57+00:00
272,0x0678488FfCF367e8593708462c95c7e110875e34,base,goplus,,0,0,0,0,0,0,0,0,0,,,,,,,[],{},2026-05-10T15:15:57+00:00
273,0xE59e90e01eBa2754a2EA80AbDb617D4ec7661fF7,base,goplus,,0,0,0,0,0,0,0,0,0,,,,,,,[],{},2026-05-10T15:15:57+00:00
274,0x9ebcA263a1830e0C9a61fA1f6dA515fDfAA809E5,base,goplus,,0,0,0,0,0,0,0,0,0,,,,,,,[],{},2026-05-10T15:15:57+00:00
275,0x0b3e328455c4059EEb9e3f84b5543F74E24e7E1b,base,goplus,,0,0,0,0,0,0,0,0,0,,,,,,,[],{},2026-05-10T15:15:57+00:00
276,0x2598c30330D5771AE9F983979209486aE26dE875,base,goplus,,0,0,0,0,0,0,0,0,0,,,,,,,[],{},2026-05-10T15:15:57+00:00
277,0xFC42E94C8F2873D10AD852588F7a2b84E0F63b07,base,goplus,,0,0,0,0,0,0,0,0,0,,,,,,,[],{},2026-05-10T15:15:57+00:00
278,0xF5Bc3439f53A45607cCaD667AbC7DAF5A583633F,base,goplus,,0,0,0,0,0,0,0,0,0,,,,,,,[],{},2026-05-10T15:15:57+00:00
279,0xD98832e8a59156AcBEe4744B9A94A9989a728f36,base,goplus,,0,0,0,0,0,0,0,0,0,,,,,,,[],{},2026-05-10T15:15:57+00:00
280,0x8be807073C8b9831cB4afe98CDb407E8B7896Ba3,base,goplus,,0,0,0,0,0,0,0,0,0,,,,,,,[],{},2026-05-10T15:15:57+00:00
281,0x38C3f1DaD46436F193e82066C61ADD3D5C42b650,base,goplus,,0,0,0,0,0,0,0,0,0,,,,,,,[],{},2026-05-10T15:15:57+00:00
282,0x4ed4E862860beD51a9570b96d89aF5E1B0Efefed,base,goplus,,0,0,0,0,0,0,0,0,0,,,,,,,[],{},2026-05-10T15:15:57+00:00
283,0x52b492a33E447Cdb854c7FC19F1e57E8BfA1777D,base,goplus,,0,0,0,0,0,0,0,0,0,,,,,,,[],{},2026-05-10T15:15:57+00:00
284,0x698DC45e4F10966f6D1D98e3bFd7071d8144C233,base,goplus,,0,0,0,0,0,0,0,0,0,,,,,,,[],{},2026-05-10T15:15:57+00:00
285,0xAfb89a09D82FBDE58f18Ac6437B3fC81724e4dF6,base,goplus,,0,0,0,0,0,0,0,0,0,,,,,,,[],{},2026-05-10T15:15:57+00:00
286,0x8e16D46Cb2dA01cdD49601ec73d7B0344969Ae33,base,goplus,,0,0,0,0,0,0,0,0,0,,,,,,,[],{},2026-05-10T15:15:57+00:00
287,0x2D038DF0279816Ef12011F20FC06F46011aabe1b,base,goplus,,0,0,0,0,0,0,0,0,0,,,,,,,[],{},2026-05-10T15:15:57+00:00
288,0x561CabF17BC4F9eb946D2921276B6Ac8C4906564,base,goplus,,0,0,0,0,0,0,0,0,0,,,,,,,[],{},2026-05-10T15:15:57+00:00
289,0xFd008f937B4d73EEb00Cf74CE90c392be5f07F96,base,goplus,,0,0,0,0,0,0,0,0,0,,,,,,,[],{},2026-05-10T15:15:57+00:00
290,0x4aDcB020228Cff4bFAD4e74C1f890af59d9BbbA3,base,goplus,,0,0,0,0,0,0,0,0,0,,,,,,,[],{},2026-05-10T15:15:57+00:00
291,0xECE5d962d17901ef200Da050C7c74AB45C96Db07,base,goplus,,0,0,0,0,0,0,0,0,0,,,,,,,[],{},2026-05-10T15:15:57+00:00
292,0x1c93d155bD388241F9AB5Df500D69eb529cE9583,base,goplus,,0,0,0,0,0,0,0,0,0,,,,,,,[],{},2026-05-10T15:15:57+00:00
293,0x5Af9664c323152350e1B94E5DDD4AC0dEE2c0B07,base,goplus,,0,0,0,0,0,0,0,0,0,,,,,,,[],{},2026-05-10T16:12:55+00:00
294,0xCC80a655FED2907Edb40B98934bc6fa28418AB07,base,goplus,,0,0,0,0,0,0,0,0,0,,,,,,,[],{},2026-05-10T16:12:55+00:00
295,0xd07379a755A8f11B57610154861D694b2A0f615a,base,goplus,,0,0,0,0,0,0,0,0,0,,,,,,,[],{},2026-05-10T16:12:55+00:00
296,0xEfd2Cf7352b502B2eEDBFc40AAA502caCAAc185b,base,goplus,,0,0,0,0,0,0,0,0,0,,,,,,,[],{},2026-05-10T16:12:55+00:00
297,0x0678488FfCF367e8593708462c95c7e110875e34,base,goplus,,0,0,0,0,0,0,0,0,0,,,,,,,[],{},2026-05-10T16:12:55+00:00
298,0xE59e90e01eBa2754a2EA80AbDb617D4ec7661fF7,base,goplus,,0,0,0,0,0,0,0,0,0,,,,,,,[],{},2026-05-10T16:12:55+00:00
299,0x9ebcA263a1830e0C9a61fA1f6dA515fDfAA809E5,base,goplus,,0,0,0,0,0,0,0,0,0,,,,,,,[],{},2026-05-10T16:12:55+00:00
300,0x0b3e328455c4059EEb9e3f84b5543F74E24e7E1b,base,goplus,,0,0,0,0,0,0,0,0,0,,,,,,,[],{},2026-05-10T16:12:55+00:00
301,0x2598c30330D5771AE9F983979209486aE26dE875,base,goplus,,0,0,0,0,0,0,0,0,0,,,,,,,[],{},2026-05-10T16:12:55+00:00
302,0xFC42E94C8F2873D10AD852588F7a2b84E0F63b07,base,goplus,,0,0,0,0,0,0,0,0,0,,,,,,,[],{},2026-05-10T16:12:55+00:00
303,0xF5Bc3439f53A45607cCaD667AbC7DAF5A583633F,base,goplus,,0,0,0,0,0,0,0,0,0,,,,,,,[],{},2026-05-10T16:12:55+00:00
304,0xD98832e8a59156AcBEe4744B9A94A9989a728f36,base,goplus,,0,0,0,0,0,0,0,0,0,,,,,,,[],{},2026-05-10T16:12:55+00:00
305,0x8be807073C8b9831cB4afe98CDb407E8B7896Ba3,base,goplus,,0,0,0,0,0,0,0,0,0,,,,,,,[],{},2026-05-10T16:12:55+00:00
306,0x38C3f1DaD46436F193e82066C61ADD3D5C42b650,base,goplus,,0,0,0,0,0,0,0,0,0,,,,,,,[],{},2026-05-10T16:12:55+00:00
307,0x4ed4E862860beD51a9570b96d89aF5E1B0Efefed,base,goplus,,0,0,0,0,0,0,0,0,0,,,,,,,[],{},2026-05-10T16:12:55+00:00
308,0x52b492a33E447Cdb854c7FC19F1e57E8BfA1777D,base,goplus,,0,0,0,0,0,0,0,0,0,,,,,,,[],{},2026-05-10T16:12:55+00:00
309,0x698DC45e4F10966f6D1D98e3bFd7071d8144C233,base,goplus,,0,0,0,0,0,0,0,0,0,,,,,,,[],{},2026-05-10T16:12:55+00:00
310,0xAfb89a09D82FBDE58f18Ac6437B3fC81724e4dF6,base,goplus,,0,0,0,0,0,0,0,0,0,,,,,,,[],{},2026-05-10T16:12:55+00:00
311,0x8e16D46Cb2dA01cdD49601ec73d7B0344969Ae33,base,goplus,,0,0,0,0,0,0,0,0,0,,,,,,,[],{},2026-05-10T16:12:55+00:00
312,0x2D038DF0279816Ef12011F20FC06F46011aabe1b,base,goplus,,0,0,0,0,0,0,0,0,0,,,,,,,[],{},2026-05-10T16:12:55+00:00
313,0x561CabF17BC4F9eb946D2921276B6Ac8C4906564,base,goplus,,0,0,0,0,0,0,0,0,0,,,,,,,[],{},2026-05-10T16:12:55+00:00
314,0xFd008f937B4d73EEb00Cf74CE90c392be5f07F96,base,goplus,,0,0,0,0,0,0,0,0,0,,,,,,,[],{},2026-05-10T16:12:55+00:00
315,0x4aDcB020228Cff4bFAD4e74C1f890af59d9BbbA3,base,goplus,,0,0,0,0,0,0,0,0,0,,,,,,,[],{},2026-05-10T16:12:55+00:00
316,0xECE5d962d17901ef200Da050C7c74AB45C96Db07,base,goplus,,0,0,0,0,0,0,0,0,0,,,,,,,[],{},2026-05-10T16:12:55+00:00
317,0x1c93d155bD388241F9AB5Df500D69eb529cE9583,base,goplus,,0,0,0,0,0,0,0,0,0,,,,,,,[],{},2026-05-10T16:12:55+00:00
318,0x5Af9664c323152350e1B94E5DDD4AC0dEE2c0B07,base,goplus,,0,0,0,0,0,0,0,0,0,,,,,,,[],{},2026-05-10T17:15:12+00:00
319,0x10c56F005a379f8eAfc88ff5c3f40d30F0031AC9,base,goplus,,0,0,0,0,0,0,0,0,0,,,,,,,[],{},2026-05-10T17:15:12+00:00
320,0xd07379a755A8f11B57610154861D694b2A0f615a,base,goplus,,0,0,0,0,0,0,0,0,0,,,,,,,[],{},2026-05-10T17:15:12+00:00
321,0xEfd2Cf7352b502B2eEDBFc40AAA502caCAAc185b,base,goplus,,0,0,0,0,0,0,0,0,0,,,,,,,[],{},2026-05-10T17:15:12+00:00
322,0x0678488FfCF367e8593708462c95c7e110875e34,base,goplus,,0,0,0,0,0,0,0,0,0,,,,,,,[],{},2026-05-10T17:15:12+00:00
323,0xE59e90e01eBa2754a2EA80AbDb617D4ec7661fF7,base,goplus,,0,0,0,0,0,0,0,0,0,,,,,,,[],{},2026-05-10T17:15:12+00:00
324,0x9ebcA263a1830e0C9a61fA1f6dA515fDfAA809E5,base,goplus,,0,0,0,0,0,0,0,0,0,,,,,,,[],{},2026-05-10T17:15:12+00:00
325,0x0b3e328455c4059EEb9e3f84b5543F74E24e7E1b,base,goplus,,0,0,0,0,0,0,0,0,0,,,,,,,[],{},2026-05-10T17:15:12+00:00
326,0x2598c30330D5771AE9F983979209486aE26dE875,base,goplus,,0,0,0,0,0,0,0,0,0,,,,,,,[],{},2026-05-10T17:15:12+00:00
327,0xFC42E94C8F2873D10AD852588F7a2b84E0F63b07,base,goplus,,0,0,0,0,0,0,0,0,0,,,,,,,[],{},2026-05-10T17:15:12+00:00
328,0xF5Bc3439f53A45607cCaD667AbC7DAF5A583633F,base,goplus,,0,0,0,0,0,0,0,0,0,,,,,,,[],{},2026-05-10T17:15:12+00:00
329,0xD98832e8a59156AcBEe4744B9A94A9989a728f36,base,goplus,,0,0,0,0,0,0,0,0,0,,,,,,,[],{},2026-05-10T17:15:12+00:00
330,0x8be807073C8b9831cB4afe98CDb407E8B7896Ba3,base,goplus,,0,0,0,0,0,0,0,0,0,,,,,,,[],{},2026-05-10T17:15:12+00:00
331,0x38C3f1DaD46436F193e82066C61ADD3D5C42b650,base,goplus,,0,0,0,0,0,0,0,0,0,,,,,,,[],{},2026-05-10T17:15:12+00:00
332,0x4ed4E862860beD51a9570b96d89aF5E1B0Efefed,base,goplus,,0,0,0,0,0,0,0,0,0,,,,,,,[],{},2026-05-10T17:15:12+00:00
333,0x52b492a33E447Cdb854c7FC19F1e57E8BfA1777D,base,goplus,,0,0,0,0,0,0,0,0,0,,,,,,,[],{},2026-05-10T17:15:12+00:00
334,0x698DC45e4F10966f6D1D98e3bFd7071d8144C233,base,goplus,,0,0,0,0,0,0,0,0,0,,,,,,,[],{},2026-05-10T17:15:12+00:00
335,0xAfb89a09D82FBDE58f18Ac6437B3fC81724e4dF6,base,goplus,,0,0,0,0,0,0,0,0,0,,,,,,,[],{},2026-05-10T17:15:12+00:00
336,0x8e16D46Cb2dA01cdD49601ec73d7B0344969Ae33,base,goplus,,0,0,0,0,0,0,0,0,0,,,,,,,[],{},2026-05-10T17:15:12+00:00
337,0x2D038DF0279816Ef12011F20FC06F46011aabe1b,base,goplus,,0,0,0,0,0,0,0,0,0,,,,,,,[],{},2026-05-10T17:15:12+00:00
338,0x561CabF17BC4F9eb946D2921276B6Ac8C4906564,base,goplus,,0,0,0,0,0,0,0,0,0,,,,,,,[],{},2026-05-10T17:15:12+00:00
339,0xFd008f937B4d73EEb00Cf74CE90c392be5f07F96,base,goplus,,0,0,0,0,0,0,0,0,0,,,,,,,[],{},2026-05-10T17:15:12+00:00
340,0x4aDcB020228Cff4bFAD4e74C1f890af59d9BbbA3,base,goplus,,0,0,0,0,0,0,0,0,0,,,,,,,[],{},2026-05-10T17:15:12+00:00
341,0xECE5d962d17901ef200Da050C7c74AB45C96Db07,base,goplus,,0,0,0,0,0,0,0,0,0,,,,,,,[],{},2026-05-10T17:15:12+00:00
342,0x1c93d155bD388241F9AB5Df500D69eb529cE9583,base,goplus,,0,0,0,0,0,0,0,0,0,,,,,,,[],{},2026-05-10T17:15:12+00:00
343,0xE02Cc26a0CB487Cec18c6C6880763882573B2fAf,base,goplus,,0,0,0,0,0,0,0,0,0,,,,,,,[],{},2026-05-10T18:09:26+00:00
344,0x10c56F005a379f8eAfc88ff5c3f40d30F0031AC9,base,goplus,,0,0,0,0,0,0,0,0,0,,,,,,,[],{},2026-05-10T18:09:26+00:00
345,0xd07379a755A8f11B57610154861D694b2A0f615a,base,goplus,,0,0,0,0,0,0,0,0,0,,,,,,,[],{},2026-05-10T18:09:26+00:00
346,0xEfd2Cf7352b502B2eEDBFc40AAA502caCAAc185b,base,goplus,,0,0,0,0,0,0,0,0,0,,,,,,,[],{},2026-05-10T18:09:26+00:00
347,0x0678488FfCF367e8593708462c95c7e110875e34,base,goplus,,0,0,0,0,0,0,0,0,0,,,,,,,[],{},2026-05-10T18:09:26+00:00
348,0x9ebcA263a1830e0C9a61fA1f6dA515fDfAA809E5,base,goplus,,0,0,0,0,0,0,0,0,0,,,,,,,[],{},2026-05-10T18:09:26+00:00
349,0x0b3e328455c4059EEb9e3f84b5543F74E24e7E1b,base,goplus,,0,0,0,0,0,0,0,0,0,,,,,,,[],{},2026-05-10T18:09:26+00:00
350,0x2598c30330D5771AE9F983979209486aE26dE875,base,goplus,,0,0,0,0,0,0,0,0,0,,,,,,,[],{},2026-05-10T18:09:26+00:00
351,0xFC42E94C8F2873D10AD852588F7a2b84E0F63b07,base,goplus,,0,0,0,0,0,0,0,0,0,,,,,,,[],{},2026-05-10T18:09:26+00:00
352,0xF5Bc3439f53A45607cCaD667AbC7DAF5A583633F,base,goplus,,0,0,0,0,0,0,0,0,0,,,,,,,[],{},2026-05-10T18:09:26+00:00
353,0x8be807073C8b9831cB4afe98CDb407E8B7896Ba3,base,goplus,,0,0,0,0,0,0,0,0,0,,,,,,,[],{},2026-05-10T18:09:26+00:00
354,0x38C3f1DaD46436F193e82066C61ADD3D5C42b650,base,goplus,,0,0,0,0,0,0,0,0,0,,,,,,,[],{},2026-05-10T18:09:26+00:00
355,0x4ed4E862860beD51a9570b96d89aF5E1B0Efefed,base,goplus,,0,0,0,0,0,0,0,0,0,,,,,,,[],{},2026-05-10T18:09:26+00:00
356,0x52b492a33E447Cdb854c7FC19F1e57E8BfA1777D,base,goplus,,0,0,0,0,0,0,0,0,0,,,,,,,[],{},2026-05-10T18:09:26+00:00
357,0x698DC45e4F10966f6D1D98e3bFd7071d8144C233,base,goplus,,0,0,0,0,0,0,0,0,0,,,,,,,[],{},2026-05-10T18:09:26+00:00
358,0xAfb89a09D82FBDE58f18Ac6437B3fC81724e4dF6,base,goplus,,0,0,0,0,0,0,0,0,0,,,,,,,[],{},2026-05-10T18:09:26+00:00
359,0x8e16D46Cb2dA01cdD49601ec73d7B0344969Ae33,base,goplus,,0,0,0,0,0,0,0,0,0,,,,,,,[],{},2026-05-10T18:09:26+00:00
360,0x2D038DF0279816Ef12011F20FC06F46011aabe1b,base,goplus,,0,0,0,0,0,0,0,0,0,,,,,,,[],{},2026-05-10T18:09:26+00:00
361,0x561CabF17BC4F9eb946D2921276B6Ac8C4906564,base,goplus,,0,0,0,0,0,0,0,0,0,,,,,,,[],{},2026-05-10T18:09:26+00:00
362,0xFd008f937B4d73EEb00Cf74CE90c392be5f07F96,base,goplus,,0,0,0,0,0,0,0,0,0,,,,,,,[],{},2026-05-10T18:09:26+00:00
363,0x4aDcB020228Cff4bFAD4e74C1f890af59d9BbbA3,base,goplus,,0,0,0,0,0,0,0,0,0,,,,,,,[],{},2026-05-10T18:09:26+00:00
364,0x1c93d155bD388241F9AB5Df500D69eb529cE9583,base,goplus,,0,0,0,0,0,0,0,0,0,,,,,,,[],{},2026-05-10T18:09:26+00:00
365,0x31d553822B37BDA67126D5ea9d165B9456f72b07,base,goplus,,0,0,0,0,0,0,0,0,0,,,,,,,[],{},2026-05-10T18:09:26+00:00
366,0xE02Cc26a0CB487Cec18c6C6880763882573B2fAf,base,goplus,,0,0,0,0,0,0,0,0,0,,,,,,,[],{},2026-05-10T19:35:23+00:00
367,0xd07379a755A8f11B57610154861D694b2A0f615a,base,goplus,,0,0,0,0,0,0,0,0,0,,,,,,,[],{},2026-05-10T19:35:23+00:00
368,0xEfd2Cf7352b502B2eEDBFc40AAA502caCAAc185b,base,goplus,,0,0,0,0,0,0,0,0,0,,,,,,,[],{},2026-05-10T19:35:23+00:00
369,0x9ebcA263a1830e0C9a61fA1f6dA515fDfAA809E5,base,goplus,,0,0,0,0,0,0,0,0,0,,,,,,,[],{},2026-05-10T19:35:23+00:00
370,0x0b3e328455c4059EEb9e3f84b5543F74E24e7E1b,base,goplus,,0,0,0,0,0,0,0,0,0,,,,,,,[],{},2026-05-10T19:35:23+00:00
371,0x2598c30330D5771AE9F983979209486aE26dE875,base,goplus,,0,0,0,0,0,0,0,0,0,,,,,,,[],{},2026-05-10T19:35:23+00:00
372,0xFC42E94C8F2873D10AD852588F7a2b84E0F63b07,base,goplus,,0,0,0,0,0,0,0,0,0,,,,,,,[],{},2026-05-10T19:35:23+00:00
373,0xF5Bc3439f53A45607cCaD667AbC7DAF5A583633F,base,goplus,,0,0,0,0,0,0,0,0,0,,,,,,,[],{},2026-05-10T19:35:23+00:00
374,0x8be807073C8b9831cB4afe98CDb407E8B7896Ba3,base,goplus,,0,0,0,0,0,0,0,0,0,,,,,,,[],{},2026-05-10T19:35:23+00:00
375,0x38C3f1DaD46436F193e82066C61ADD3D5C42b650,base,goplus,,0,0,0,0,0,0,0,0,0,,,,,,,[],{},2026-05-10T19:35:23+00:00
376,0x5F09821CBb61e09D2a83124Ae0B56aaa3ae85B07,base,goplus,,0,0,0,0,0,0,0,0,0,,,,,,,[],{},2026-05-10T19:35:23+00:00
377,0x4ed4E862860beD51a9570b96d89aF5E1B0Efefed,base,goplus,,0,0,0,0,0,0,0,0,0,,,,,,,[],{},2026-05-10T19:35:23+00:00
378,0x52b492a33E447Cdb854c7FC19F1e57E8BfA1777D,base,goplus,,0,0,0,0,0,0,0,0,0,,,,,,,[],{},2026-05-10T19:35:23+00:00
379,0x698DC45e4F10966f6D1D98e3bFd7071d8144C233,base,goplus,,0,0,0,0,0,0,0,0,0,,,,,,,[],{},2026-05-10T19:35:23+00:00
380,0xAfb89a09D82FBDE58f18Ac6437B3fC81724e4dF6,base,goplus,,0,0,0,0,0,0,0,0,0,,,,,,,[],{},2026-05-10T19:35:23+00:00
381,0x8e16D46Cb2dA01cdD49601ec73d7B0344969Ae33,base,goplus,,0,0,0,0,0,0,0,0,0,,,,,,,[],{},2026-05-10T19:35:23+00:00
382,0x2D038DF0279816Ef12011F20FC06F46011aabe1b,base,goplus,,0,0,0,0,0,0,0,0,0,,,,,,,[],{},2026-05-10T19:35:23+00:00
383,0x561CabF17BC4F9eb946D2921276B6Ac8C4906564,base,goplus,,0,0,0,0,0,0,0,0,0,,,,,,,[],{},2026-05-10T19:35:23+00:00
384,0xFd008f937B4d73EEb00Cf74CE90c392be5f07F96,base,goplus,,0,0,0,0,0,0,0,0,0,,,,,,,[],{},2026-05-10T19:35:23+00:00
385,0x4aDcB020228Cff4bFAD4e74C1f890af59d9BbbA3,base,goplus,,0,0,0,0,0,0,0,0,0,,,,,,,[],{},2026-05-10T19:35:23+00:00
386,0x1c93d155bD388241F9AB5Df500D69eb529cE9583,base,goplus,,0,0,0,0,0,0,0,0,0,,,,,,,[],{},2026-05-10T19:35:23+00:00
387,0x31d553822B37BDA67126D5ea9d165B9456f72b07,base,goplus,,0,0,0,0,0,0,0,0,0,,,,,,,[],{},2026-05-10T19:35:23+00:00
