token_address,chain,symbol,name,decimals,created_at_scan,first_seen_at,source
0xB36A127dBa73F3aA7C70B4e00B7395B86A60e73b,base,RUSH,RUSH GAME,,2026-05-07T11:34:07+00:00,2026-05-07T11:34:07+00:00,boost_latest
0x34Ad856501D7566c06FdD8614DB9af3ff351Bd91,base,TEN,TEN Agent,,2026-05-07T11:34:07+00:00,2026-05-07T11:34:07+00:00,profile_latest
0x188Af2a5d8eB00e7D7Ad6e2611A3024345a6fB07,base,ROYALE,Agent Royale,,2026-05-07T11:34:07+00:00,2026-05-07T11:34:07+00:00,profile_latest
0x6e6A3b8B8376eA65B92aD3F93Fe046C186e56764,base,AIR,AirCoin,,2026-05-07T11:34:07+00:00,2026-05-07T11:34:07+00:00,profile_latest
0x26Aa6B2C2d9fcD83D42e6e32059743805a0D4aA1,base,GACHA,GachaGrid,,2026-05-07T11:34:07+00:00,2026-05-07T11:34:07+00:00,profile_latest
0x10c56F005a379f8eAfc88ff5c3f40d30F0031AC9,base,SR,Strike Robot,,2026-05-07T12:58:38+00:00,2026-05-07T12:58:38+00:00,boost_latest
0xAB3AF86f7E31A36b3df1848bD92301Df91f63B07,base,sato,sato,,2026-05-07T12:58:38+00:00,2026-05-07T12:58:38+00:00,profile_latest
0x3B84CaCB7F66f9Ab9caca4Ac92112E9dB1821E02,base,Spectra,Spectra Art,,2026-05-07T14:05:11+00:00,2026-05-07T14:05:11+00:00,profile_latest
0x5473bC1d0C564EB9db1391b195Fc0A5007Db5073,base,CR,Clawd Ralph,,2026-05-07T14:05:11+00:00,2026-05-07T14:05:11+00:00,profile_latest
0xe1A4c41579756da0c981Ccf8C3cc0aab686f7324,base,PHAI,Pharmachain AI,,2026-05-07T14:05:11+00:00,2026-05-07T14:05:11+00:00,profile_latest
0x072f4B2f239e3e470A496792623adDC08b0fb6b0,base,GACHA,Gacha Fund,,2026-05-07T15:12:09+00:00,2026-05-07T15:12:09+00:00,profile_latest
0x2B66E3046ce3B41414A2B34f56DcA4553AE1d5C5,base,TYCOON,Tycoon,,2026-05-07T15:12:09+00:00,2026-05-07T15:12:09+00:00,profile_latest
0x6A7602bB307a661705b0f53DD493E6A5067E4778,base,SHADE,Shade,,2026-05-07T16:12:22+00:00,2026-05-07T16:12:22+00:00,profile_latest
0xaB3dfbc50EF0f2175D192a75161FAcc2e73B02F6,base,PETS,Pet Forge,,2026-05-07T16:12:22+00:00,2026-05-07T16:12:22+00:00,profile_latest
0x1Ce6c8e9c88fe8f365FF420ac83fa120bdC92675,base,HANTA,Hantavirus,,2026-05-07T16:12:22+00:00,2026-05-07T16:12:22+00:00,profile_latest
0x22aaB1803d9B5ED57c4E34090884867F5fdaFbb7,base,GACHA,Gacha Fund,,2026-05-07T17:12:28+00:00,2026-05-07T17:12:28+00:00,profile_latest
0xe618cedc81f845883c61D15297073e7463CbA4Af,base,SPEC,Open Spec,,2026-05-07T17:12:28+00:00,2026-05-07T17:12:28+00:00,profile_latest
0xD44Ca5905957a30dF04351EA48b7140256FAeb07,base,OCL,Open Cloud Layer,,2026-05-07T19:44:40+00:00,2026-05-07T19:44:40+00:00,profile_latest
0xA003FBBefBA3B2aC5Ff1A1dF6e7462970bDe4c06,base,FALKEN,Falken Protocol,,2026-05-07T19:44:40+00:00,2026-05-07T19:44:40+00:00,profile_latest
0xD88FD4a11255E51f64f78b4a7d74456325c2d8dC,base,BV7X,BitVault Signal,,2026-05-07T22:31:56+00:00,2026-05-07T22:31:56+00:00,boost_latest
0xAC73bECE342083aaE54d2ef05c088207734b12F0,base,PENGACHU,Pengachu,,2026-05-08T06:11:10+00:00,2026-05-08T06:11:10+00:00,profile_latest
0xB6da3DbCBEDE77060bd6Ee8aBC75fF9cB75EAB07,base,Reactor,Reactor,,2026-05-08T06:11:10+00:00,2026-05-08T06:11:10+00:00,profile_latest
0xd7E1FD9D10439544FFB35ccEd8565F5232De1496,base,IDB,Inter-Dimensional Being,,2026-05-08T07:59:38+00:00,2026-05-08T07:59:38+00:00,profile_latest
0x0d04cF3D85854C28CBC751CcAd5eDc8F75875CF7,base,NORMAL,Normal Factory,,2026-05-08T09:56:09+00:00,2026-05-08T09:56:09+00:00,profile_latest
0xcD16f488E7Fe7E528FCC58Ef13E5C3641bc55c2B,base,UORE,Uore,,2026-05-08T11:47:05+00:00,2026-05-08T11:47:05+00:00,profile_latest
0xd7FD18D4052787FF52fb75FCb9bD3E39eDeb5d4C,base,BLOCKTRONICS,Blocktronics,,2026-05-08T14:18:20+00:00,2026-05-08T14:18:20+00:00,profile_latest
0x9f7161Cd6bDceD685585797708c62Af25173ae89,base,LUXURIOUS,Big Crypto Bull,,2026-05-08T16:46:44+00:00,2026-05-08T16:46:44+00:00,boost_latest
0xdc0b77886c39aD66E0766Ef9E6d88762CFD22B07,base,SpaceX,SpaceX,,2026-05-08T18:45:56+00:00,2026-05-08T18:45:56+00:00,profile_latest
0x3663A529cb19eA6F5524755059D657A06501DB07,base,HANTAAGENT,Hanta Agent,,2026-05-08T18:45:56+00:00,2026-05-08T18:45:56+00:00,boost_latest
0xf3bCBe4ee118ECC57c17820a2F03f46A750aB319,base,NWARS,NationWars,,2026-05-08T18:45:56+00:00,2026-05-08T18:45:56+00:00,profile_latest
0x98c13D8bC341D3b161EFBacFaBc53d48eE9aD0B3,base,AGU,Agentarium,,2026-05-08T18:45:56+00:00,2026-05-08T18:45:56+00:00,profile_latest
0xA74f7dad0b4c603adA798E2FeE76bD8D6aDfe8ee,base,Meridia,Meridia,,2026-05-08T23:11:59+00:00,2026-05-08T23:11:59+00:00,profile_latest
0x4FeC17D74Fa249D00B26f16a0934A99D983ab82C,base,SCL,ShadowCombat League,,2026-05-09T00:11:11+00:00,2026-05-09T00:11:11+00:00,profile_latest
0xcEecb3d02b0839ed9f7688679276F523a11f955f,base,XONA,Xona Ai Agent,,2026-05-09T06:28:20+00:00,2026-05-09T06:28:20+00:00,profile_latest
0x3de12fF28AdA220dE1981F5Fc5E7B445d496Fb07,base,EverSwap,EverSwap,,2026-05-09T06:28:20+00:00,2026-05-09T06:28:20+00:00,profile_latest
0xD9123E1C3e1cb83be8154543779Ab3134E0E39C7,base,AGENTIFY,Agentify Protocol,,2026-05-09T15:15:04+00:00,2026-05-09T15:15:04+00:00,profile_latest
0x2A9c1C9325fEcd37bE10F9C1082192E955D54b07,base,NOCOIN,NoCoin,,2026-05-09T16:11:17+00:00,2026-05-09T16:11:17+00:00,profile_latest
0xb66e76F9Ed3e13F24C5b68F68BE631CD82AffbA3,base,VVVKernel,Venice Kernel,,2026-05-09T19:35:41+00:00,2026-05-09T19:35:41+00:00,boost_latest
0xd07379a755A8f11B57610154861D694b2A0f615a,base,BASE,BASE,,2026-05-10T06:58:43+00:00,2026-05-10T06:58:43+00:00,search_base
0xEfd2Cf7352b502B2eEDBFc40AAA502caCAAc185b,base,BASE,Base Season,,2026-05-10T06:58:43+00:00,2026-05-10T06:58:43+00:00,search_base
0x0678488FfCF367e8593708462c95c7e110875e34,base,BASE,Base Token,,2026-05-10T06:58:43+00:00,2026-05-10T06:58:43+00:00,search_base
0xE59e90e01eBa2754a2EA80AbDb617D4ec7661fF7,base,BASE,Base House ,,2026-05-10T06:58:43+00:00,2026-05-10T06:58:43+00:00,search_base
0x9ebcA263a1830e0C9a61fA1f6dA515fDfAA809E5,base,BASE,B3,,2026-05-10T06:58:43+00:00,2026-05-10T06:58:43+00:00,search_base
0x0b3e328455c4059EEb9e3f84b5543F74E24e7E1b,base,VIRTUAL,Virtual Protocol,,2026-05-10T06:58:43+00:00,2026-05-10T06:58:43+00:00,search_virtual
0x519D57CD8D6436Ed38B3803F85b3681bE44BCC07,base,AI,Apple Intelligence,,2026-05-10T06:58:43+00:00,2026-05-10T06:58:43+00:00,search_ai
0x2598c30330D5771AE9F983979209486aE26dE875,base,AI,Any Inu,,2026-05-10T06:58:43+00:00,2026-05-10T06:58:43+00:00,search_ai
0xF5Bc3439f53A45607cCaD667AbC7DAF5A583633F,base,AGENT,AgentLayer,,2026-05-10T06:58:43+00:00,2026-05-10T06:58:43+00:00,search_agent
0xD98832e8a59156AcBEe4744B9A94A9989a728f36,base,AGENT,AgentAlgo,,2026-05-10T06:58:43+00:00,2026-05-10T06:58:43+00:00,search_agent
0x38C3f1DaD46436F193e82066C61ADD3D5C42b650,base,AgEnT,CLAWI AgEnT,,2026-05-10T06:58:43+00:00,2026-05-10T06:58:43+00:00,search_agent
0x4ed4E862860beD51a9570b96d89aF5E1B0Efefed,base,DEGEN,Degen,,2026-05-10T06:58:43+00:00,2026-05-10T06:58:43+00:00,search_degen
0x52b492a33E447Cdb854c7FC19F1e57E8BfA1777D,base,PEPE,BasedPepe,,2026-05-10T06:58:43+00:00,2026-05-10T06:58:43+00:00,search_pepe
0x698DC45e4F10966f6D1D98e3bFd7071d8144C233,base,PEPE,Pepe,,2026-05-10T06:58:43+00:00,2026-05-10T06:58:43+00:00,search_pepe
0xAfb89a09D82FBDE58f18Ac6437B3fC81724e4dF6,base,DOG,The Doge NFT,,2026-05-10T06:58:43+00:00,2026-05-10T06:58:43+00:00,search_dog
0x8e16D46Cb2dA01cdD49601ec73d7B0344969Ae33,base,coin,coin,,2026-05-10T06:58:43+00:00,2026-05-10T06:58:43+00:00,search_coin
0x2D038DF0279816Ef12011F20FC06F46011aabe1b,base,MOON,FLY to THEMOON,,2026-05-10T06:58:43+00:00,2026-05-10T06:58:43+00:00,search_moon
0x561CabF17BC4F9eb946D2921276B6Ac8C4906564,base,MOON,MoonShot,,2026-05-10T06:58:43+00:00,2026-05-10T06:58:43+00:00,search_moon
0xFd008f937B4d73EEb00Cf74CE90c392be5f07F96,base,MOON,MOON INU,,2026-05-10T06:58:43+00:00,2026-05-10T06:58:43+00:00,search_moon
0xECE5d962d17901ef200Da050C7c74AB45C96Db07,base,LAUNCH,LAUNCH,,2026-05-10T06:58:43+00:00,2026-05-10T06:58:43+00:00,search_launch
0x1c93d155bD388241F9AB5Df500D69eb529cE9583,base,FLNCHY,Flaunchy,,2026-05-10T06:58:43+00:00,2026-05-10T06:58:43+00:00,search_launch
0x8be807073C8b9831cB4afe98CDb407E8B7896Ba3,base,AGENT,Agent,,2026-05-10T09:49:09+00:00,2026-05-10T09:49:09+00:00,search_agent
0x8f9e7ce623e99C789dc01579a42522CF9077CC8a,base,RoboX,RoboX Token,,2026-05-10T11:15:30+00:00,2026-05-10T11:15:30+00:00,profile_latest
0xf41FaaCdD6b1D0Db127Ec16572B1CAC861F75544,base,bLend,BaseLend,,2026-05-10T12:06:48+00:00,2026-05-10T12:06:48+00:00,profile_latest
0x6dD46f366D02571A60969e9A517E736681596B07,base,GOTCHI,Opengotchi,,2026-05-10T13:57:29+00:00,2026-05-10T13:57:29+00:00,profile_latest
0x409e79C96389C00Fb5a46586acE2615c6d09C76e,base,AIUSD,AIUSD,,2026-05-10T13:57:29+00:00,2026-05-10T13:57:29+00:00,profile_latest
0x05A53C6153a9040Fbe58A2a106bC84577C34B422,base,LO0P,LO0P,,2026-05-10T13:57:29+00:00,2026-05-10T13:57:29+00:00,profile_latest
0x5F09821CBb61e09D2a83124Ae0B56aaa3ae85B07,base,DOTA,Defense of the Agents,,2026-05-10T13:57:29+00:00,2026-05-10T13:57:29+00:00,search_agent
0x31d553822B37BDA67126D5ea9d165B9456f72b07,base,CLAUNCH,ConLaunch,,2026-05-10T13:57:29+00:00,2026-05-10T13:57:29+00:00,search_launch
0xF2270F70E4D5AA860337CF1E698b155aDd6E692D,base,FLOOD,Flood,,2026-05-10T14:55:06+00:00,2026-05-10T14:55:06+00:00,profile_latest
0xFC42E94C8F2873D10AD852588F7a2b84E0F63b07,base,AI,ai.com,,2026-05-10T14:55:06+00:00,2026-05-10T14:55:06+00:00,search_ai
0x4aDcB020228Cff4bFAD4e74C1f890af59d9BbbA3,base,LAUNCH,BANKRLAUNCH,,2026-05-10T14:55:06+00:00,2026-05-10T14:55:06+00:00,search_launch
0xCC80a655FED2907Edb40B98934bc6fa28418AB07,base,Centrifuge,Centrifuge,,2026-05-10T15:15:57+00:00,2026-05-10T15:15:57+00:00,profile_latest
0x5Af9664c323152350e1B94E5DDD4AC0dEE2c0B07,base,OS,opensigil,,2026-05-10T16:12:55+00:00,2026-05-10T16:12:55+00:00,profile_latest
0xE02Cc26a0CB487Cec18c6C6880763882573B2fAf,base,BDAG,BlockDAG,,2026-05-10T18:09:26+00:00,2026-05-10T18:09:26+00:00,boost_latest
0x86d1756f8D92a507443B9Eb26a0ECe7434b77b5e,base,HOOKY,HOOKY,,2026-05-10T21:08:00+00:00,2026-05-10T21:08:00+00:00,profile_latest
0x2d8c6eFd45cE74311ee9F18Bd1e54ecA7D231D83,base,AGENT,AgentNetwork,,2026-05-10T21:08:00+00:00,2026-05-10T21:08:00+00:00,search_agent
0x3348b2b47e388bB4A03Cb890e1F3f308b90828EF,base,TROLL,Based Troll,,2026-05-10T22:06:17+00:00,2026-05-10T22:06:17+00:00,profile_latest
0xf516562b703f46084EEB79aFE58Cc046572e56a7,base,AI,AI PIN,,2026-05-10T22:06:17+00:00,2026-05-10T22:06:17+00:00,search_ai
0x47647E481cB71D6b4475D6dd0065b34ce8Ca8844,base,jo,askjo,,2026-05-10T23:10:58+00:00,2026-05-10T23:10:58+00:00,profile_latest
0x021e7b57fDc6475743d389df6736a5a130486dAe,base,WOON,Woon Agent,,2026-05-10T23:10:58+00:00,2026-05-10T23:10:58+00:00,profile_latest
0xA448d40f6793773938A6B7427091c35676899125,base,MLTL,Moltlaunch,,2026-05-10T23:10:58+00:00,2026-05-10T23:10:58+00:00,search_launch
0x2d296830975789E8C0Bf5bfCc9982D331A07DB07,base,KUVI,KUVI AI,,2026-05-11T04:38:27+00:00,2026-05-11T04:38:27+00:00,profile_latest
0x0593ac90Ec3FC784cf34f1F6cC2a345c90dDcBA3,base,BASE,Build Agents Spread Everywhere,,2026-05-11T04:38:27+00:00,2026-05-11T04:38:27+00:00,search_base
0x78cdbef65Ede022351F2DD635abc41Ac74788CbD,base,GENESIS,Genesis Launch,,2026-05-11T04:38:27+00:00,2026-05-11T04:38:27+00:00,search_launch
0x6e06306D196aCad2D5f6D9F5585d5DE2A7482d28,base,SESSY,SESSY,,2026-05-11T08:38:26+00:00,2026-05-11T08:38:26+00:00,profile_latest
0xAbF3dd05De475901440f2eb8cF9c6F03d4Ab2b07,base,Onsight,Onsight,,2026-05-11T16:12:30+00:00,2026-05-11T16:12:30+00:00,profile_latest
0x4225658360C731a2b4c34555E45fea3b4b0181D5,base,PORT,DataPort Navigator by Virtuals,,2026-05-11T16:12:30+00:00,2026-05-11T16:12:30+00:00,boost_latest
0xEc4787e367210786e9B042804f3011119ce9fbA3,base,AGENT,Agent Token,,2026-05-11T16:12:30+00:00,2026-05-11T16:12:30+00:00,search_agent
0x9595e1e41a9f78Ba84ccf6488Bff7E3EA45162D9,base,launch,launch,,2026-05-11T16:12:30+00:00,2026-05-11T16:12:30+00:00,search_launch
0x63c8028099f01C01ef153827984D1FA8e7576b07,base,TROLL,TrollAgent,,2026-05-11T18:06:40+00:00,2026-05-11T18:06:40+00:00,boost_latest
0x9e7fC36e3cBe02bE6ec5427605945C16AC155f66,base,GDUPI,redacted gdupi,,2026-05-11T20:05:19+00:00,2026-05-11T20:05:19+00:00,profile_latest
0xc8da26025fE78f23cd008a05023549c196459e8E,base,BPEG,Bpeg,,2026-05-11T20:05:19+00:00,2026-05-11T20:05:19+00:00,boost_latest
0xe6E19E90cF2B3A5B224AC637B133AE7D2fF0062A,base,AI,AMERICA IS BACK,,2026-05-11T20:05:19+00:00,2026-05-11T20:05:19+00:00,search_ai
0x056C9E04B8526C115b7444677911B03D70bd19AA,base,LAUNCH,LAUNCH,,2026-05-11T21:42:57+00:00,2026-05-11T21:42:57+00:00,search_launch
0xE29151cE91409D53Cd8f9eb381B41a8DE0640737,base,uFATE,Unifate,,2026-05-11T23:13:18+00:00,2026-05-11T23:13:18+00:00,profile_latest
0x01E89d5d3bFB7B793d044382FFc52f99D3fA9557,base,Base,时时,,2026-05-11T23:13:18+00:00,2026-05-11T23:13:18+00:00,search_base
0xDD5bC85A16593703AFdc092A5E72f0a29E61cb07,base,PASTEL,Pastel,,2026-05-12T00:12:31+00:00,2026-05-12T00:12:31+00:00,profile_latest
0xE1cD6ec6a1b6C7e0cb804E226Cb2833072E51570,base,PASTEL,Pastel,,2026-05-12T00:12:31+00:00,2026-05-12T00:12:31+00:00,profile_latest
0x2d1553E7F41714d46c82C8B1d6913200B9C3cCe0,base,HOOK,Hook,,2026-05-12T00:12:31+00:00,2026-05-12T00:12:31+00:00,boost_latest
0x83A0c82bb1cdb8FFa6e775f84fda30A2993087A0,base,UA,UniAgent,,2026-05-12T07:17:13+00:00,2026-05-12T07:17:13+00:00,boost_latest
0x64cB1BAfc59bF93aeB90676885C63540cf4F4106,base,Coin,Coin6900,,2026-05-12T07:17:13+00:00,2026-05-12T07:17:13+00:00,search_coin
0xa8a8CdaAb4Ade13e02d77b48AcC13302d3aF9646,base,nxyz,nxyz erc20,,2026-05-12T10:02:01+00:00,2026-05-12T10:02:01+00:00,profile_latest
0xbDE04C92fC814a033522913fC111DbE05cb484D4,base,AK2222,Akashalife,,2026-05-12T12:19:35+00:00,2026-05-12T12:19:35+00:00,profile_latest
0x8C6517D7d987955ee591f6F8AC397F847840Fb07,base,CLOE,Cloe Fi,,2026-05-12T12:19:35+00:00,2026-05-12T12:19:35+00:00,profile_latest
0x534126bB6516359764B41A67a324409Bf5c1EB07,base,BASE, far ahead,,2026-05-12T12:19:35+00:00,2026-05-12T12:19:35+00:00,search_base
0xb50007B292256E2e54253D2110013465f9441482,base,KOJI,KOJIRU,,2026-05-12T15:46:58+00:00,2026-05-12T15:46:58+00:00,boost_latest
0x4936905dd3fb71ddfB2a7797DB60bb7aF90C4ba3,base,BASE,KIBI,,2026-05-12T15:46:58+00:00,2026-05-12T15:46:58+00:00,search_base
0xa818564F980CD49Bb4Da30851caBC7060aC3aB07,base,HENRY,HENRY,,2026-05-12T18:19:00+00:00,2026-05-12T18:19:00+00:00,profile_latest
0x115c92fd34A7E6cc8eBCe8C4897cAEF7D4Be41dd,base,VEIL,VEIL,,2026-05-12T18:19:00+00:00,2026-05-12T18:19:00+00:00,profile_latest
0xE31700c6BD46638D207991fB5CC5c0daD3D1e3DA,base,ROO,Ratehopper AI,,2026-05-12T18:19:00+00:00,2026-05-12T18:19:00+00:00,profile_latest
0x89DA201E6f8b256906752ED7d7Fa7E9F16Ec3B07,base,solvrbot,solvrbot,,2026-05-12T18:19:00+00:00,2026-05-12T18:19:00+00:00,boost_latest
0xa8f7eEb6A633dAcA9d370a51ed52eb67e0A8b48d,base,BLUE,Blueperp,,2026-05-12T20:51:19+00:00,2026-05-12T20:51:19+00:00,profile_latest
0x41a5e4E0209ddA19587F509983bC995b07d58b07,base,CHARMS,Charms Agent,,2026-05-12T20:51:19+00:00,2026-05-12T20:51:19+00:00,boost_latest
0x175df8D81ceF1DAbF0568797176DCE68A9977BA3,base,BASE,"Base Batches 003 is officially here  Building the future onchain? Join one of our three tracks: 💡 Startup 🎓 Student 🤖 Robotics by  @virtuals_io   Get expert mentorship, up to $50k in funding, and a stage at Demo Day in San Francisco 🧵",,2026-05-12T20:51:19+00:00,2026-05-12T20:51:19+00:00,search_base
0xe1E295C1Fa050E4aE77ca70e938C24d3221196D4,base,BASE,basedliquid,,2026-05-12T20:51:19+00:00,2026-05-12T20:51:19+00:00,search_base
0xF233Cb02e6944aF84a9DFFEaf11B88ea5B4fEb2e,base,Shekel,Shekel,,2026-05-12T22:36:59+00:00,2026-05-12T22:36:59+00:00,profile_latest
0xd13BA0d625c04b8364De5e15E58Bf2eBDDA8DbA3,base,VEILNET,Veilnet,,2026-05-13T00:14:45+00:00,2026-05-13T00:14:45+00:00,profile_latest
0xb77c45c2A8C29323061Aa0273A46283F1530eB5E,base,VEILNET,Veilnet,,2026-05-13T00:14:45+00:00,2026-05-13T00:14:45+00:00,profile_latest
0x48F92580E618cd047757d9ec79029BA19F3e8b07,base,Base,new chair base,,2026-05-13T00:14:45+00:00,2026-05-13T00:14:45+00:00,search_base
0x9BdFa98b357F72A95cae59d770F7521a7eDe2b07,base,Pullfrog,Pullfrog,,2026-05-13T04:15:51+00:00,2026-05-13T04:15:51+00:00,profile_latest
0xB9F9BEb8154EE9214b0dAC89e359Bac5d50108Ce,base,VIRTUAL,VIRTUAL,,2026-05-13T04:15:51+00:00,2026-05-13T04:15:51+00:00,search_virtual
0x98F0247260dC55eCf95D96DFF04d9c1225c96384,base,Virtual Protocol,VIRTUAL,,2026-05-13T04:15:51+00:00,2026-05-13T04:15:51+00:00,search_virtual
0xb6C6EB34E6C9650610f0E33D87346feefE839288,base,AGENT,AgentAlgo,,2026-05-13T04:15:51+00:00,2026-05-13T04:15:51+00:00,search_agent
0xcF14464cB91b78f6725ec1dd3f957222E11dF3F5,base,FF,Flaunch Fund,,2026-05-13T07:31:01+00:00,2026-05-13T07:31:01+00:00,search_launch
0x25C6731a81a10Bf7e86a40835cB2F536Fee20944,base,Virtual Protocol,VIRTUAL,,2026-05-13T07:31:01+00:00,2026-05-13T07:31:01+00:00,search_virtual
0xd3E8b3E06AE183dA1cB32BCCB19Ddee26b209d8B,base,AGENT,AGENT,,2026-05-13T07:31:01+00:00,2026-05-13T07:31:01+00:00,search_agent
0x2fbA7BE15C4aa6Bc7BF838348a9a3B98B2242143,base,AGENT,AGENT,,2026-05-13T07:31:01+00:00,2026-05-13T07:31:01+00:00,search_agent
0xB90e680dfBa1e076A860B98877406C867364Ab07,base,RUSTY,Rusty,,2026-05-13T10:44:41+00:00,2026-05-13T10:44:41+00:00,profile_latest
0x0E5394bAc15ffAe8c5F0F30dD500a26B2DB9Dc0C,base,Agent,Agent,,2026-05-13T10:44:41+00:00,2026-05-13T10:44:41+00:00,search_agent
0x51348c8653951F423439378D04119b48C2111b07,base,Moon,This is going moon,,2026-05-13T10:44:41+00:00,2026-05-13T10:44:41+00:00,search_moon
0xF714E60f85497D70508F7E356b5DB80e64539BA3,base,PERKOS,PerkOS,,2026-05-13T13:30:57+00:00,2026-05-13T13:30:57+00:00,boost_latest
0x7fBad84326779794d37521830929D1Dd309ADB07,base,SOMA,Soma OS,,2026-05-13T16:34:20+00:00,2026-05-13T16:34:20+00:00,profile_latest
0x22d0a50BB8b5789655aE1c84b34dC7804B0378e2,base,infrctl,infrctl,,2026-05-13T16:34:20+00:00,2026-05-13T16:34:20+00:00,boost_latest
0x12C74F6a49bD68d21eC2B02e9aCAcb277d3631FE,base,LAUNCH,LAUNCH,,2026-05-13T19:09:03+00:00,2026-05-13T19:09:03+00:00,search_launch
0x19a5f1b9ffDaCafc80ffF6eC676839C5F0ca090D,base,Plague,Rat,,2026-05-13T20:56:48+00:00,2026-05-13T20:56:48+00:00,profile_latest
0xd8Db4C337d09Da8d7ceb7d87ADFE224D17785ba3,base,CoP,Clash of Perps,,2026-05-13T20:56:48+00:00,2026-05-13T20:56:48+00:00,profile_latest
0x7F84067564bc87c68e7Fac0F7C94B31dCBd62F80,base,AGENT,Agent Layer,,2026-05-13T20:56:48+00:00,2026-05-13T20:56:48+00:00,search_agent
0xE33392984756f5dB1b5FFA846a924b89dDd04ba3,base,AGENT,AGENT,,2026-05-13T22:40:10+00:00,2026-05-13T22:40:10+00:00,search_agent
0xdE7C47527D3778e5dB7EB2abB97C19511e44c1CE,base,Wasabot,Wasabot,,2026-05-14T04:16:38+00:00,2026-05-14T04:16:38+00:00,profile_latest
0x6E84030FA86EBf585E3E18fe557e5612f7e93Bff,base,AORA,AtlasOra,,2026-05-14T04:16:38+00:00,2026-05-14T04:16:38+00:00,"boost_latest,profile_latest"
0x3aD8539Cf0E010c77d276Fb197061AC613511cAE,base,MOON,Lightspeed to the Moon!!!,,2026-05-14T04:16:38+00:00,2026-05-14T04:16:38+00:00,search_moon
0x797f214a2CD64a4963A91Fa21c8C55Ec3EBa4714,base,SIBYL,SIBYL by Virtuals,,2026-05-14T07:25:37+00:00,2026-05-14T07:25:37+00:00,boost_latest
0x2C8a36F6f0dc4c1773c430031d24252Cd1Faa5f2,base,MOON,Sun,,2026-05-14T07:25:37+00:00,2026-05-14T07:25:37+00:00,search_moon
0x48B9A9f7e241e3Fd77949907a7905d352dD95F6a,base,LAUNCH,LAUNCH,,2026-05-14T07:25:37+00:00,2026-05-14T07:25:37+00:00,search_launch
0x840942F13A6AaBB4a533aE348E9CB00E1F689d36,base,AUTONO,AUTONOMOPOLY,,2026-05-14T10:36:02+00:00,2026-05-14T10:36:02+00:00,profile_latest
0xce2bDEbeb78616D6124213fa862d7ADAb877fa1a,base,EXEC,Execution Layer,,2026-05-14T13:06:30+00:00,2026-05-14T13:06:30+00:00,profile_latest
0x30290160742a153af6C32Eee850D8e156B1995AF,base,BASE,All Base,,2026-05-14T13:06:30+00:00,2026-05-14T13:06:30+00:00,search_base
0xc27f67919f6957C2660793BD599ED5c41069111a,base,MIRANA,Mirana,,2026-05-14T15:35:03+00:00,2026-05-14T15:35:03+00:00,profile_latest
0xe996BC8c627F448C02045eEEE1636437f3F5De46,base,COBOT,Cobot,,2026-05-14T15:35:03+00:00,2026-05-14T15:35:03+00:00,profile_latest
0x54F16Bd3996169914c84dBb2A16635100cF48A0a,base,PEPTAI,Peptai,,2026-05-14T15:35:03+00:00,2026-05-14T15:35:03+00:00,boost_top
0x7b29e5266634BCbA06686E580AfD4419a8c84b07,base,USDP,BaseUSDP,,2026-05-14T15:35:03+00:00,2026-05-14T15:35:03+00:00,boost_latest
0xA82138D538CF6e465d0B6915B0d072b1e6910f7d,base,COBOT,Cobot,,2026-05-14T18:09:46+00:00,2026-05-14T18:09:46+00:00,profile_latest
0xFf5887e258a75A0BBDD97c68fd74dF5b1efa652C,base,TMUX,Termux AI,,2026-05-14T18:09:46+00:00,2026-05-14T18:09:46+00:00,profile_latest
0xA3FBD8FAF0be051d8fdaC8B10e94ba463DC269E1,base,BASE,the $olsons,,2026-05-14T20:03:39+00:00,2026-05-14T20:03:39+00:00,search_base
0x2170722A8c3936Edf3AD9f4BF987fd8d142dC0c1,base,base,1989999999999,,2026-05-14T20:03:39+00:00,2026-05-14T20:03:39+00:00,search_base
0x7b44fE95c1350caacE733c23DB7F820887f8ED6C,base,agent,agent,,2026-05-14T20:03:39+00:00,2026-05-14T20:03:39+00:00,search_agent
0xC9eEC92573b0710791d47E63aD03B9413EC93229,base, agent, agent,,2026-05-14T20:03:39+00:00,2026-05-14T20:03:39+00:00,search_agent
0xaa6B6B33A95EF65293FBE10c11c86E00b2932178,base,agent,agent,,2026-05-14T20:03:39+00:00,2026-05-14T20:03:39+00:00,search_agent
0xe2e7ed12A3fcB44d4aDC80CB8c8c2c5fA6c8eD6C,base,agent,agent,,2026-05-14T20:03:39+00:00,2026-05-14T20:03:39+00:00,search_agent
0x744A2aD59f0617ddB6dA4C64e65D036f3d77eD6c,base,agent,agent,,2026-05-14T20:03:39+00:00,2026-05-14T20:03:39+00:00,search_agent
0x86D3c2E55A415DE7ad8d9a35Decc1ceDcA60ED6c,base,agent,agent,,2026-05-14T20:03:39+00:00,2026-05-14T20:03:39+00:00,search_agent
0xdaC044b90cD5DD553DC941a4083AD251da27ED6c,base,agent,agent,,2026-05-14T20:03:39+00:00,2026-05-14T20:03:39+00:00,search_agent
0x3CC45dAB66ECC1f99d33a11B6C1A30DB2E5078EF,base,BASE,9/11,,2026-05-14T21:37:46+00:00,2026-05-14T21:37:46+00:00,search_base
0xfB63F713Fd263FA039AB46D027C4E52aE89dEd6c,base,agent,agent,,2026-05-14T21:37:46+00:00,2026-05-14T21:37:46+00:00,search_agent
0xFa507Bf8dfb7649F3c567901215b224e77f4163E,base,WAVE,Waveform AI,,2026-05-14T23:13:14+00:00,2026-05-14T23:13:14+00:00,profile_latest
0x0383ACCbCbA5480806a46a0656C365A4Fa1495a7,base,Archetype,Archetype,,2026-05-15T00:12:23+00:00,2026-05-15T00:12:23+00:00,profile_latest
0xACa8B40f243aE9756bBa011bfFd7A1Ab0761BD7F,base,agent,Agent,,2026-05-15T04:19:41+00:00,2026-05-15T04:19:41+00:00,search_agent
0xeAA0eCc0A9a7e8f388D9496923FD8A477f3a1B73,base,Agent,AI Agent,,2026-05-15T04:19:41+00:00,2026-05-15T04:19:41+00:00,search_agent
0x014cf4bB845001E05255B07b0623F139c78bD555,base,FALKEN,Falken,,2026-05-15T08:17:55+00:00,2026-05-15T08:17:55+00:00,profile_latest
0xDccD93F1E0aCC6b5BB8053D0075BB4AA116ED6BF,base,AGATE,Agentic Gateway,,2026-05-15T08:17:55+00:00,2026-05-15T08:17:55+00:00,profile_latest
0x14aE33cF0B2ba0345Ac7EB8ec57eF0250c7eE41E,base,MOMUS,Momus Project,,2026-05-15T11:30:50+00:00,2026-05-15T11:30:50+00:00,profile_latest
0xf811E57ba8010eC6f031dB82A268bd8988e39F6c,base,Agent,AI Agent,,2026-05-15T11:30:50+00:00,2026-05-15T11:30:50+00:00,search_agent
0x7B38a0222e2a424e39aE1F79cd9c005aFD53B261,base,Phoenix,Phoenix,,2026-05-15T14:37:11+00:00,2026-05-15T14:37:11+00:00,profile_latest
0xBF0775cBCA2744549cD016DAb8D3B3403De58bBF,base,LPAD,LiquidPad,,2026-05-15T14:37:11+00:00,2026-05-15T14:37:11+00:00,boost_latest
0x6750C50b485D51416bE4BC5f4F2107Ea9cd4CB07,base,BASEDTROLL,BASED TROLL,,2026-05-15T14:37:11+00:00,2026-05-15T14:37:11+00:00,profile_latest
0x9cc308558736e535D22A2964ebA8575E10b31613,base,BEEPBEEP,launch,,2026-05-15T14:37:11+00:00,2026-05-15T14:37:11+00:00,search_launch
0xaEae3E4cD481e4d0A23394B576a3c448c69c9B07,base,GULAG,AI GULAG,,2026-05-15T17:02:01+00:00,2026-05-15T17:02:01+00:00,profile_latest
0x1E5D2CB6d343848DDfe0D6e4F71f7a2CC17180aA,base,CoChat,CoChat,,2026-05-15T17:02:01+00:00,2026-05-15T17:02:01+00:00,profile_latest
0x700eF9A35E0cd425ec29d09F8Be8c988A13de867,base,LOB,Legend of Base,,2026-05-15T17:02:01+00:00,2026-05-15T17:02:01+00:00,profile_latest
0xF7a5c3e010e305Aa7bF9807D2dbfA20133173f21,base,OPETS,Open Pets,,2026-05-15T17:02:01+00:00,2026-05-15T17:02:01+00:00,profile_latest
0x7afE438411ee3959C7De6f7fB76bf9C769320bA3,base,BLOCKTRONICS,Blocktronics,,2026-05-15T18:56:45+00:00,2026-05-15T18:56:45+00:00,profile_latest
0x11afFD5CDc6d50Ec43930f81152E7e92a948eB07,base,Base,Base,,2026-05-15T18:56:45+00:00,2026-05-15T18:56:45+00:00,search_base
0x94369Af591A3ED76045DB715af6bDEb24192405d,base,PRAI,PrivaseaAI,,2026-05-15T20:35:47+00:00,2026-05-15T20:35:47+00:00,profile_latest
0xBce4705b674fa0d1dc3C1BA38cA5cFD989EaE656,base,BASE,Base God,,2026-05-15T22:12:43+00:00,2026-05-15T22:12:43+00:00,search_base
0x6157648c8177b674211F2c7E25E6479B6485ED6c,base,agent,agent,,2026-05-15T22:12:43+00:00,2026-05-15T22:12:43+00:00,search_agent
0x33c47A9953F3B18397c92fba7946F35289064B8B,base,CLAUNCH,ConLaunch,,2026-05-15T22:12:43+00:00,2026-05-15T22:12:43+00:00,search_launch
0xD02D22dbB39860cA5e966c6C2DEb95B1249c249D,base,FF,Flaunch Fund,,2026-05-15T23:13:55+00:00,2026-05-15T23:13:55+00:00,search_launch
0xcD961b347C3Fac12F7057A1Dc03a55616Adc9CdC,base,SYNC,SYNC,,2026-05-15T23:13:55+00:00,2026-05-15T23:13:55+00:00,profile_latest
0xAdC9D85dd158A5699ae170fEd6d6ab3fF742eD6c,base,agent,agent,,2026-05-15T23:13:55+00:00,2026-05-15T23:13:55+00:00,search_agent
0x5392Ae06fd0B4D89cA5Be2DE9c1eBe57abfdED6c,base,agent,agent,,2026-05-16T00:09:34+00:00,2026-05-16T00:09:34+00:00,search_agent
0x59f104Bfab5349fA69c8E680bbD5B8DEdbeBed6C,base,agent,agent,,2026-05-16T00:09:34+00:00,2026-05-16T00:09:34+00:00,search_agent
0xE91E80ff3D314D5851f064B109E3E590719EeD6c,base,agent,agent,,2026-05-16T00:09:34+00:00,2026-05-16T00:09:34+00:00,search_agent
0x1a904cD16FC7cC75EcCC431018AD464e684fcBa3,base,Agent,AgentVersa,,2026-05-16T00:09:34+00:00,2026-05-16T00:09:34+00:00,search_agent
0x4B524015D54a27d4472F5c59c570730D69499Ba3,base,NOELCLAW,NoelClaw,,2026-05-16T04:04:24+00:00,2026-05-16T04:04:24+00:00,boost_latest
0xaaE1120310ADCeEfb4ee2E491E54E091dECEEd6C,base,agent,agent,,2026-05-16T04:04:24+00:00,2026-05-16T04:04:24+00:00,search_agent
0x18C6adC1d41D3B8A962603bD5D3563389739eD6C,base,agent,agent,,2026-05-16T04:04:24+00:00,2026-05-16T04:04:24+00:00,search_agent
0x0bbFA6aBe91c1a75F41378bb665E3EC0c761ED6C,base,agent,agent,,2026-05-16T04:04:24+00:00,2026-05-16T04:04:24+00:00,search_agent
0xB34f1D57D8a5F838027114fd6c1d8bDB3c73eD6c,base,agent,agent,,2026-05-16T04:04:24+00:00,2026-05-16T04:04:24+00:00,search_agent
0x100af71efc481Ad06091d6646A93B7559a66eD6c,base,agent,agent,,2026-05-16T04:04:24+00:00,2026-05-16T04:04:24+00:00,search_agent
0x821b6F4f96Da06a3ab0bD96F669FEA8C58ddED6C,base,agent,agent,,2026-05-16T09:02:02+00:00,2026-05-16T09:02:02+00:00,search_agent
0x7F6a506325d71F84Cb67cABA352682bB896eEd6c,base,agent,agent,,2026-05-16T09:02:02+00:00,2026-05-16T09:02:02+00:00,search_agent
0xC0d1e717ec2a7D71000f939b44C5b87c52B8ED6C,base,agent,agent,,2026-05-16T09:02:02+00:00,2026-05-16T09:02:02+00:00,search_agent
0x6FE3aed6CaBe7351cD02998fAE5Edd629E85ED6c,base,agent,agent,,2026-05-16T09:02:02+00:00,2026-05-16T09:02:02+00:00,search_agent
0x2709ae85d9c4e9E36A9F4Dd7Aff664Be1B5E4a3C,base,BiomeAI,Biome AI,,2026-05-16T10:39:28+00:00,2026-05-16T10:39:28+00:00,profile_latest
0xADFf928b0323952C8385A2BcdD2654cAAa518736,base,BASE,BASE github.com/typicms/BASE,,2026-05-16T10:39:28+00:00,2026-05-16T10:39:28+00:00,search_base
0xD4D8A84a3EfA6F358e260b58Fe153D7709521b07,base,UCloak,UniCloak,,2026-05-16T12:08:09+00:00,2026-05-16T12:08:09+00:00,profile_latest
0xfAd26b7C8c4e92c7D6c6E2295B6DE55CC4D2d3C7,base,RLV,Relieva,,2026-05-16T12:08:09+00:00,2026-05-16T12:08:09+00:00,profile_latest
0x416B8eA4b63506784d8FabBD753A9ed19E3cBF1E,base,AI,AMERICA IDIOT,,2026-05-16T12:08:09+00:00,2026-05-16T12:08:09+00:00,search_ai
0x95CEC208cCCc3176dc6b0e2f5501d6e206a0Ed6C,base,agent,agent,,2026-05-16T12:08:09+00:00,2026-05-16T12:08:09+00:00,search_agent
0x06e2300DebeFF884560aF935b3b0d68708556872,base,BAGELS,Bagels,,2026-05-16T14:01:30+00:00,2026-05-16T14:01:30+00:00,profile_latest
0x83898AeB2E9FeeA9312FE6D28df41ad3521fEd6C,base,agent,agent,,2026-05-16T14:01:30+00:00,2026-05-16T14:01:30+00:00,search_agent
0x055b2843d771903c32940e80Cdd47cb0c36DA711,base,OPACITY,Opacity Network,,2026-05-16T18:10:35+00:00,2026-05-16T18:10:35+00:00,profile_latest
0x0347d104F089225683F1A4998451cdCF72335Ba3,base,SYNTH,BANKRSYNTH,,2026-05-16T18:10:35+00:00,2026-05-16T18:10:35+00:00,profile_latest
0xcb46F17F39AA7561E6Ea788BD6De22850EbfEd6c,base,agent,agent,,2026-05-16T18:10:35+00:00,2026-05-16T18:10:35+00:00,search_agent
0xf74D524bb35cb312d9d871601208Ca5483817bA3,base,SEED,OpenSeed,,2026-05-16T19:34:59+00:00,2026-05-16T19:34:59+00:00,profile_latest
0x935e13A28849095dB45E63040F109c34b757ABA3,base,TMP,TokenMarketplace,,2026-05-16T19:34:59+00:00,2026-05-16T19:34:59+00:00,profile_latest
0x5414EEF627cfD54cc479EbF948e249030E749bA3,base,BASE,BasEarn,,2026-05-16T19:34:59+00:00,2026-05-16T19:34:59+00:00,search_base
0xDb2b8ae7bfF0da05De5647D957658eBE89cc5BA3,base,AGENT,Agent Game,,2026-05-16T19:34:59+00:00,2026-05-16T19:34:59+00:00,search_agent
0x005f87cbC219CACA265008f7b730F082ffac5181,base,LAUNCH,launch,,2026-05-16T19:34:59+00:00,2026-05-16T19:34:59+00:00,search_launch
0xB3D7e0c3C39A1D3F1B304663065A2F83Ddf56d8e,base,AUTONO,AUTONOMOPOLY,,2026-05-16T22:06:51+00:00,2026-05-16T22:06:51+00:00,profile_latest
0xf373Ab174A0d242729b988885E2d5b441b06Ed6C,base,agent,agent,,2026-05-16T23:10:26+00:00,2026-05-16T23:10:26+00:00,search_agent
0xa3168b3DADa2A634b2b1861F103Ed7eE515A3761,base,LAUNCH,LAUNCHPAD,,2026-05-16T23:10:26+00:00,2026-05-16T23:10:26+00:00,search_launch
0x6D775F8AC2406499d04278B6c586377523fD7cdc,base,KKITTEN,Based Karate Kitten,,2026-05-17T04:33:45+00:00,2026-05-17T04:33:45+00:00,profile_latest
0x0Dd88a00F80c5ad71B24D4928d7c959D616b52af,base,BUGZ,CheapBugs Token,,2026-05-17T04:33:45+00:00,2026-05-17T04:33:45+00:00,profile_latest
0xb825A11d7898ADF96F51f73E6038CD2244De5728,base,WCOR,World Collective Oil Reserves,,2026-05-17T04:33:45+00:00,2026-05-17T04:33:45+00:00,boost_top
0x46008A183dF25a3e71e2948d3256E8d4951691F8,base,LAUNCH,launchonliquid,,2026-05-17T04:33:45+00:00,2026-05-17T04:33:45+00:00,search_launch
0x7c0a85Fa5cfd6D8F8eBfF18250Fd9A11173C7942,base,GALE,Neuron Gale,,2026-05-17T07:45:28+00:00,2026-05-17T07:45:28+00:00,profile_latest
0xd72fCf409b79ae7A92D0A22d6DD176A46cF60b07,base,AGENT,Agent Protocol,,2026-05-17T07:45:28+00:00,2026-05-17T07:45:28+00:00,search_agent
0xE42DD6B029366eACd9EDa9Dd860ee17f7AB9CBa3,base,Agent,AgentVersa,,2026-05-17T10:00:23+00:00,2026-05-17T10:00:23+00:00,search_agent
0xe29617cF5E4175876Fbe4cFF855dEf31bfBBED6C,base,agent,agent,,2026-05-17T10:00:23+00:00,2026-05-17T10:00:23+00:00,search_agent
0x33e167FA22c9D78236b1a21C80E8B712205D1b07,base,BOUNTY,AgentBounty Token,,2026-05-17T11:34:24+00:00,2026-05-17T11:34:24+00:00,profile_latest
0x36490E371e12483c4f0a59eeD945Bb1Bd947Ed6C,base,agent,agent,,2026-05-17T11:34:24+00:00,2026-05-17T11:34:24+00:00,search_agent
0xFe24BD964A6D04aFed63c1451F2d498705BaED6C,base,agent,agent,,2026-05-17T13:59:27+00:00,2026-05-17T13:59:27+00:00,search_agent
0x52372a3F45edeC83b26d05745b0FA6629298ED6c,base,agent,agent,,2026-05-17T13:59:27+00:00,2026-05-17T13:59:27+00:00,search_agent
0x6523fd3eF8DB6a5DEb11f9FEEe842895aB474bA3,base,SWP,Spwan,,2026-05-17T15:18:50+00:00,2026-05-17T15:18:50+00:00,profile_latest
0x2c684D666998436634EcEde1527EdA7975427Ba3,base,VT,Vexor Terminal,,2026-05-17T17:16:40+00:00,2026-05-17T17:16:40+00:00,profile_latest
0x77f69AC5849d50C33802C1dEC25638ca76c6cE90,base,VT,Vexor Terminal,,2026-05-17T17:16:40+00:00,2026-05-17T17:16:40+00:00,profile_latest
0xFCa95aeb5bF44aE355806A5ad14659c940dC6BF7,base,SHIB,SHIBA INU,,2026-05-17T17:16:40+00:00,2026-05-17T17:16:40+00:00,boost_latest
0xC90fbD36b3b6588f560Bb0B0f250a8bcA9A8Ed6C,base,agent,agent,,2026-05-17T17:16:40+00:00,2026-05-17T17:16:40+00:00,search_agent
0x8A95a4E01b4c3298E1015b05Bb20c38DF7819748,base,COAR,Chinese Oil Asset Reserve,,2026-05-17T18:14:17+00:00,2026-05-17T18:14:17+00:00,boost_latest
0x4942c5202475e1d250ca6D20349b93260A478Da5,base,BASE,Point Base,,2026-05-17T18:14:17+00:00,2026-05-17T18:14:17+00:00,search_base
0x4B9922D8dDB5eFBc85Bfa166DDd1985A05d1DBBC,base,BASE,Base Token,,2026-05-17T19:39:45+00:00,2026-05-17T19:39:45+00:00,search_base
0xe0177fA470090309d22Dbf63daC3D12BF0137A6A,base,ANIMA,Anima,,2026-05-17T21:09:51+00:00,2026-05-17T21:09:51+00:00,profile_latest
0xeaE13ea73BEc936664A51734c8c01ec7c3B0699C,base,PITCH,Pitch World Cup,,2026-05-17T21:09:51+00:00,2026-05-17T21:09:51+00:00,profile_latest
0x659d73b7550D3eBcc0f150B60f41432F9e55C72D,base,HNODE,Hermes Node,,2026-05-17T21:09:51+00:00,2026-05-17T21:09:51+00:00,profile_latest
0x76aBa8089e4BA07F705Fb886D17dd41793ad2BA3,base,ARCHIVE,ARCHIVE,,2026-05-17T22:09:41+00:00,2026-05-17T22:09:41+00:00,profile_latest
0x5fbA2526e7C6Ed69bBD8c74C18A07C4a62F0641e,base,MEME,MEME,,2026-05-17T22:09:41+00:00,2026-05-17T22:09:41+00:00,search_meme
