trade_time,wallet_address,wallet_label,side,token,amount_usd,pair_age_minutes_at_trade,liquidity_usd_at_trade,token_risk_score,token_opportunity_score,wallet_signal_score
2026-05-09T15:28:55.000Z,0x956a1a8edfbb3eddeaad8cb47d6f8df86a73cb8e,Unproven Wallet,sell,PENGACHU,792.5330632636841,,94256.42,25.0,45.0,15.0
2026-05-09T15:28:53.000Z,0x8ceaf5deb8414ca24a358c7cbe849912058f9367,Unproven Wallet,buy,NORMAL,114.45293465812397,,52320.68,43.0,40.0,15.0
2026-05-09T15:28:49.000Z,0x49d60f45d3a6d8e2ee22e1cfd8db3d01dc6707f3,Unproven Wallet,sell,NORMAL,142.6768097245886,,52320.68,43.0,40.0,15.0
2026-05-09T15:28:45.000Z,0x3476dbda36dad500b54b27fdb1241ad5d9cf555b,Unproven Wallet,buy,BLOCKTRONICS,229.60164342430687,,63581.35,43.0,42.0,10.0
2026-05-09T15:28:43.000Z,0x2b8d140bf9b9b179b60d3943b72793b598898f02,Unproven Wallet,buy,Meridia,229.68913336440963,,89528.43,38.0,47.0,10.0
2026-05-09T15:28:43.000Z,0xcf25408eb171cf86c21a3984e6648430b9119175,Unproven Wallet,buy,PENGACHU,425.6489427500334,,94256.42,25.0,45.0,15.0
2026-05-09T15:28:39.000Z,0x4e15ae5a0d0c3a9256935978b6d9020e1862f5b9,Unproven Wallet,sell,NORMAL,36.11051846318243,,52320.68,43.0,40.0,15.0
2026-05-09T15:28:39.000Z,0x9ae2f85d435611f58c8674ac97bc839b029d9cc0,Unproven Wallet,buy,NORMAL,810.6778083303634,,52320.68,43.0,40.0,15.0
2026-05-09T15:28:39.000Z,0xcb393486a675fac8dc785abe6703ea9c8cb13a1a,Unproven Wallet,sell,Meridia,902.5218273766923,,89528.43,38.0,47.0,10.0
2026-05-09T15:28:35.000Z,0xd00ac9f3a6d8ef395a82088088e51b6ddb7f0b9d,Unproven Wallet,buy,Meridia,223.40072317658957,,89528.43,38.0,47.0,10.0
2026-05-09T15:28:33.000Z,0x22442873b92f4ad3e43fb91ae0261baa151045ba,Unproven Wallet,sell,NORMAL,49.02760267868223,,52320.68,43.0,40.0,15.0
2026-05-09T15:28:33.000Z,0x9d341befdbec7247822c27220258f984bc9d56d7,Unproven Wallet,buy,BLOCKTRONICS,230.7736903773617,,63581.35,43.0,42.0,10.0
2026-05-09T15:28:31.000Z,0x1b82c5372f4f61f66590fbcdf896325a522cc0b1,Unproven Wallet,buy,NORMAL,1179.1519850147401,,52320.68,43.0,40.0,15.0
2026-05-09T15:28:31.000Z,0x6ef4a85cbf9df7b22c673c1e4a02a9fc1ffb1373,Unproven Wallet,sell,NORMAL,16.076036741208405,,52320.68,43.0,40.0,15.0
2026-05-09T15:28:25.000Z,0x509f12b85c8aa2262cc90aa6ae6a620624178a1a,Unproven Wallet,sell,Meridia,62.68413837918638,,89528.43,38.0,47.0,10.0
2026-05-09T15:28:25.000Z,0x612a2f0408d9f4a32002ed00d4d962130f830a74,Unproven Wallet,sell,Meridia,694.0469872797736,,89528.43,38.0,47.0,10.0
2026-05-09T15:28:23.000Z,0x4fb5f3dae600e08ee7d8fdeaa34f8192e55b8b0c,Unproven Wallet,buy,Meridia,34.620359346172904,,89528.43,38.0,47.0,10.0
2026-05-09T15:28:17.000Z,0x612a2f0408d9f4a32002ed00d4d962130f830a74,Unproven Wallet,buy,Meridia,463.7963954698071,,89528.43,38.0,47.0,10.0
2026-05-09T15:28:15.000Z,0xbd7c46dba65f8c15ff5ad3ddd7171c1f8db40e0c,Unproven Wallet,sell,BLOCKTRONICS,469.7993385527539,,63581.35,43.0,42.0,10.0
2026-05-09T15:28:13.000Z,0x48573687867c72957926c4eb1a6e95e7ce6cf2fb,Unproven Wallet,buy,BV7X,14.60902646397997,,253834.77,26.0,30.0,10.0
2026-05-09T15:28:13.000Z,0x48573687867c72957926c4eb1a6e95e7ce6cf2fb,Unproven Wallet,buy,BV7X,14.60902646397997,,253834.77,26.0,33.0,10.0
2026-05-09T15:28:13.000Z,0x48573687867c72957926c4eb1a6e95e7ce6cf2fb,Unproven Wallet,sell,BV7X,0.0758934658571165,,253834.77,26.0,30.0,10.0
2026-05-09T15:28:13.000Z,0x48573687867c72957926c4eb1a6e95e7ce6cf2fb,Unproven Wallet,sell,BV7X,0.0758934658571165,,253834.77,26.0,33.0,10.0
2026-05-09T15:28:13.000Z,0x67d484b2504264a119df46a8a49279b40a7c9109,Unproven Wallet,buy,NORMAL,138.43407540949022,,52320.68,43.0,40.0,15.0
2026-05-09T15:28:13.000Z,0xa45da2bbfe5c5b1385ac31486286d8ec79fa0d80,Unproven Wallet,sell,NORMAL,68.14394125335863,,52320.68,43.0,40.0,15.0
2026-05-09T15:28:11.000Z,0x14da3ca53e45de04704638c8f7dc4a8acd4a3f3d,Unproven Wallet,sell,Meridia,145.92321343277618,,89528.43,38.0,47.0,10.0
2026-05-09T15:28:11.000Z,0x6ca9abd7887798a8679e4750b06cfa47b87e545f,Unproven Wallet,sell,BLOCKTRONICS,123.3612155357481,,63581.35,43.0,42.0,10.0
2026-05-09T15:28:11.000Z,0x6e1ea0b37540bdd3dbcfd17128baa18e0d748020,Unproven Wallet,buy,BLOCKTRONICS,0.6722002160981801,,63581.35,43.0,42.0,10.0
2026-05-09T15:28:11.000Z,0x90b5c7e5e5ca6451deab8aceed404e2f2f821726,Unproven Wallet,buy,Meridia,24.958222649875875,,89528.43,38.0,47.0,10.0
2026-05-09T15:28:11.000Z,0xeac6ad0452da4a6037872d6be545eea9ee41df5d,Unproven Wallet,sell,BLOCKTRONICS,514.2441079943633,,63581.35,43.0,42.0,10.0
2026-05-09T15:28:09.000Z,0x24fb1c8bf8afdbf4a7f79426b948fc1f05510e12,Unproven Wallet,sell,Meridia,145.99437683400745,,89528.43,38.0,47.0,10.0
2026-05-09T15:28:07.000Z,0x58cada58a4e7ad4e390aef7345552a0a407dcc00,Unproven Wallet,sell,Meridia,296.9255064155442,,89528.43,38.0,47.0,10.0
2026-05-09T15:28:07.000Z,0x88464b55df5c4920af052b61445bf9171cb68c89,Unproven Wallet,sell,NORMAL,103.3699672194827,,52320.68,43.0,40.0,15.0
2026-05-09T15:28:05.000Z,0xfbd8832e178c7e71cd66658587bf7b502542bafa,Unproven Wallet,buy,Meridia,325.3188780122897,,89528.43,38.0,47.0,10.0
2026-05-09T15:28:03.000Z,0x4705cad5a6a1a2d6c98a69b6262b1f207414a94c,Unproven Wallet,buy,BLOCKTRONICS,231.9148681763334,,63581.35,43.0,42.0,10.0
2026-05-09T15:27:59.000Z,0x8e221a0f8f7f239d9b77b1168d48fce97d2ba3b2,Unproven Wallet,buy,NORMAL,1180.481625680237,,52320.68,43.0,40.0,15.0
2026-05-09T15:27:57.000Z,0xc32fdccaf1896757328cb82d3729e4a51a34dcff,Unproven Wallet,buy,Meridia,487.1176419631554,,89528.43,38.0,47.0,10.0
2026-05-09T15:27:55.000Z,0x42eec3b9bdfc4bd2e0813f02283a63cc88d57794,Unproven Wallet,sell,PENGACHU,138.10580468524628,,94256.42,25.0,45.0,15.0
2026-05-09T15:27:51.000Z,0x1a997f42970f3d7553482277fe6bedb9be97b8a6,Unproven Wallet,buy,Meridia,231.3092567124407,,89528.43,38.0,47.0,10.0
2026-05-09T15:27:49.000Z,0x789a69a92a705fcc4017d0196dcfc4d799ac841e,Unproven Wallet,sell,BLOCKTRONICS,98.23116715952703,,63581.35,43.0,42.0,10.0
2026-05-09T15:27:49.000Z,0xbe53481899aa96874bac9270158912e7bc486985,Unproven Wallet,sell,NORMAL,450.79481851258754,,52320.68,43.0,40.0,15.0
2026-05-09T15:27:49.000Z,0xd290579d0e81abd53fc053e0050711f0da9066aa,Unproven Wallet,buy,BLOCKTRONICS,11.372713015990318,,63581.35,43.0,42.0,10.0
2026-05-09T15:27:47.000Z,0xfbd8832e178c7e71cd66658587bf7b502542bafa,Unproven Wallet,sell,Meridia,1.1973221135699454,,89528.43,38.0,47.0,10.0
2026-05-09T15:27:45.000Z,0x9d7f897c238a554a7ccc539317123c703e4e2790,Unproven Wallet,buy,Meridia,92.38094709721376,,89528.43,38.0,47.0,10.0
2026-05-09T15:27:43.000Z,0x0848d6efe4f27b182f3f4afe46e55955d2c2734f,Unproven Wallet,sell,PENGACHU,334.3502354828471,,94256.42,25.0,45.0,15.0
2026-05-09T15:27:43.000Z,0x9376dafeb1db8bcb0ce4faeeda7f73d5e5ec995a,Unproven Wallet,buy,NORMAL,2.307247041000037,,52320.68,43.0,40.0,15.0
2026-05-09T15:27:41.000Z,0x196629078dd1630cfeafafcb6a2a7a45c01ce7f1,Unproven Wallet,sell,Meridia,88.16456931773773,,89528.43,38.0,47.0,10.0
2026-05-09T15:27:39.000Z,0x58cada58a4e7ad4e390aef7345552a0a407dcc00,Unproven Wallet,buy,Meridia,229.68748084075182,,89528.43,38.0,47.0,10.0
2026-05-09T15:27:33.000Z,0x1a997f42970f3d7553482277fe6bedb9be97b8a6,Unproven Wallet,buy,Meridia,45.70478702294126,,89528.43,38.0,47.0,10.0
2026-05-09T15:27:33.000Z,0x22442873b92f4ad3e43fb91ae0261baa151045ba,Unproven Wallet,buy,NORMAL,457.50959226610195,,52320.68,43.0,40.0,15.0
2026-05-09T15:27:31.000Z,0x3e5c1a091bf9a06792c20cc6e8bf678029009a57,Unproven Wallet,sell,BLOCKTRONICS,229.70923287960372,,63581.35,43.0,42.0,10.0
2026-05-09T15:27:31.000Z,0x71825203632b2251391f7436de589601fd5dffc2,Unproven Wallet,buy,BLOCKTRONICS,57.1573263930555,,63581.35,43.0,42.0,10.0
2026-05-09T15:27:31.000Z,0xb7e5bb094e74e2b9272b39a34d44b74280c6c2cd,Unproven Wallet,sell,PENGACHU,339.1111129807668,,94256.42,25.0,45.0,15.0
2026-05-09T15:27:29.000Z,0x6b133b775c23f841b13b36bcb53bddfaa271d983,Unproven Wallet,sell,Meridia,107.96560057219642,,89528.43,38.0,47.0,10.0
2026-05-09T15:27:29.000Z,0xa25799e24a5a3f1575f92b3da314606cb0577a04,Unproven Wallet,sell,Meridia,102.21459573702363,,89528.43,38.0,47.0,10.0
2026-05-09T15:27:29.000Z,0xc429429dc26784ec4ba7582f6a2d709657b1576b,Unproven Wallet,sell,Meridia,148.89964317409093,,89528.43,38.0,47.0,10.0
2026-05-09T15:27:27.000Z,0xa25799e24a5a3f1575f92b3da314606cb0577a04,Unproven Wallet,buy,Meridia,271.4482686345294,,89528.43,38.0,47.0,10.0
2026-05-09T15:27:25.000Z,0x17ebf9252b6ba2c6cc2f43102f35a25d85f16a84,Unproven Wallet,sell,PENGACHU,349.86078174658104,,94256.42,25.0,45.0,15.0
2026-05-09T15:27:25.000Z,0xb46d07cb6ce768ef671f20e0c1245fc84f6e6455,Unproven Wallet,buy,Meridia,229.68870321120158,,89528.43,38.0,47.0,10.0
2026-05-09T15:27:23.000Z,0xa35aff01afd58629cd8830512f34a08af3389b92,Unproven Wallet,sell,NORMAL,334.8713601921809,,52320.68,43.0,40.0,15.0
2026-05-09T15:27:23.000Z,0xb40c641149105e04899570d628464d0aebf28dee,Unproven Wallet,sell,Meridia,113.51472680496643,,89528.43,38.0,47.0,10.0
2026-05-09T15:27:21.000Z,0x62fe3e4a9480c080228563dc0efe20badb07455a,Unproven Wallet,buy,Meridia,92.38127302987296,,89528.43,38.0,47.0,10.0
2026-05-09T15:27:19.000Z,0x441737d8db496349e0e68a213e8a0b0f7208d4c8,Unproven Wallet,buy,BLOCKTRONICS,225.90049047143447,,63581.35,43.0,42.0,10.0
2026-05-09T15:27:19.000Z,0x835a013f2c1c1abb33ae4f13773d0ebccb971ef4,Unproven Wallet,sell,BLOCKTRONICS,358.1530855496319,,63581.35,43.0,42.0,10.0
2026-05-09T15:27:17.000Z,0xbe53481899aa96874bac9270158912e7bc486985,Unproven Wallet,buy,NORMAL,456.9484673270049,,52320.68,43.0,40.0,15.0
2026-05-09T15:27:17.000Z,0xf15d32a3359c17dd6daa92adba98b367f97cf9e8,Unproven Wallet,sell,NORMAL,30.932784914339667,,52320.68,43.0,40.0,15.0
2026-05-09T15:27:15.000Z,0x3e9a5a84dd5de2c73b77d9e76ae3e13e7eebe979,Unproven Wallet,sell,Meridia,985.7474432417052,,89528.43,38.0,47.0,10.0
2026-05-09T15:27:15.000Z,0xb3c8a321c4138ef879063e86feb619ec8b620820,Unproven Wallet,sell,Meridia,229.2449962386746,,89528.43,38.0,47.0,10.0
2026-05-09T15:27:15.000Z,0xcb393486a675fac8dc785abe6703ea9c8cb13a1a,Unproven Wallet,buy,Meridia,904.2728652824986,,89528.43,38.0,47.0,10.0
2026-05-09T15:27:13.000Z,0x74b64ea7c2b591969d87f54ade895480bd935f2c,Unproven Wallet,buy,PENGACHU,696.9920858943359,,94256.42,25.0,45.0,15.0
2026-05-09T15:27:07.000Z,0x1a21fe5e3dd433e78f13ec1684f8d85670107b6a,Unproven Wallet,buy,Meridia,137.5362458779813,,89528.43,38.0,47.0,10.0
2026-05-09T15:27:07.000Z,0x6ce019f3f5df96fcd3cc04d6e4cc520d3acf95e9,Unproven Wallet,buy,NORMAL,45.67354279220092,,52320.68,43.0,40.0,15.0
2026-05-09T15:27:07.000Z,0x7c56822fb0eff0e4aed42f00820dc17afe48dc31,Unproven Wallet,sell,NORMAL,27.068373084546604,,52320.68,43.0,40.0,15.0
2026-05-09T15:27:07.000Z,0x9c5722774b90ba9696068d55394c8d3fe50831b0,Unproven Wallet,buy,PENGACHU,515.3211047161435,,94256.42,25.0,45.0,15.0
2026-05-09T15:27:07.000Z,0xc9103a4ee3b12ece93c8bb0be76170b1c2097f1c,Unproven Wallet,sell,Meridia,357.1542137133035,,89528.43,38.0,47.0,10.0
2026-05-09T15:27:01.000Z,0x3e5c1a091bf9a06792c20cc6e8bf678029009a57,Unproven Wallet,sell,BLOCKTRONICS,77.62781846156409,,63581.35,43.0,42.0,10.0
2026-05-09T15:27:01.000Z,0x77d3c7f1cbdb39af06e85e7207d2f75e3f00c253,Unproven Wallet,buy,Meridia,68.5745329988368,,89528.43,38.0,47.0,10.0
2026-05-09T15:27:01.000Z,0xfb0249b6b0953a80f52433c1fb1713db53f1c2f1,Unproven Wallet,buy,BLOCKTRONICS,45.56940682029631,,63581.35,43.0,42.0,10.0
2026-05-09T15:26:59.000Z,0x3a83418753aa710e11cd0da4db7e909ebaf6e09d,Unproven Wallet,sell,NORMAL,131.04121370326035,,52320.68,43.0,40.0,15.0
2026-05-09T15:26:55.000Z,0x4bc7771e05d56df4f7625b29e11c897821fc494d,Unproven Wallet,sell,Meridia,278.2016274520641,,89528.43,38.0,47.0,10.0
2026-05-09T15:26:55.000Z,0x65f7d93a0623ec1f6c4e70f9ae43032be817a2ae,Unproven Wallet,sell,Meridia,673.7038350041677,,89528.43,38.0,47.0,10.0
2026-05-09T15:26:55.000Z,0xd66d98d81c48483c19441e1e492f32779a2db7c2,Unproven Wallet,buy,PENGACHU,233.80688930793093,,94256.42,25.0,45.0,15.0
2026-05-09T15:26:55.000Z,0xed099e6fa298813895d9f5fb004d56e355c109cc,Unproven Wallet,buy,NORMAL,114.4676748087064,,52320.68,43.0,40.0,15.0
2026-05-09T15:26:53.000Z,0xc9103a4ee3b12ece93c8bb0be76170b1c2097f1c,Unproven Wallet,sell,Meridia,122.03778579664944,,89528.43,38.0,47.0,10.0
2026-05-09T15:26:51.000Z,0x3e9a5a84dd5de2c73b77d9e76ae3e13e7eebe979,Unproven Wallet,buy,Meridia,1012.4913763757896,,89528.43,38.0,47.0,10.0
2026-05-09T15:26:51.000Z,0xe3f6481aea0424fb1c708cded92062f277b3ee38,Unproven Wallet,sell,NORMAL,55.77646165040765,,52320.68,43.0,40.0,15.0
2026-05-09T15:26:49.000Z,0x2e05ceda75a13fb3662edc6349d24e305a65bfa4,Unproven Wallet,sell,PENGACHU,366.234242594817,,94256.42,25.0,45.0,15.0
2026-05-09T15:26:49.000Z,0x441737d8db496349e0e68a213e8a0b0f7208d4c8,Unproven Wallet,sell,BLOCKTRONICS,66.96877119071777,,63581.35,43.0,42.0,10.0
2026-05-09T15:26:49.000Z,0xeac6ad0452da4a6037872d6be545eea9ee41df5d,Unproven Wallet,buy,BLOCKTRONICS,301.04596046117035,,63581.35,43.0,42.0,10.0
2026-05-09T15:26:49.000Z,0xfc5ca7bbecb35aa378a5c1ae6c5e45a7027edd13,Unproven Wallet,buy,PENGACHU,466.1553741598415,,94256.42,25.0,45.0,15.0
2026-05-09T15:26:45.000Z,0x8e221a0f8f7f239d9b77b1168d48fce97d2ba3b2,Unproven Wallet,buy,NORMAL,0.6921518060499299,,52320.68,43.0,40.0,15.0
2026-05-09T15:26:43.000Z,0x339913d3b7139a7f9083d996d8b2f247b3b63a1c,Unproven Wallet,sell,PENGACHU,179.64730515712645,,94256.42,25.0,45.0,15.0
2026-05-09T15:26:43.000Z,0x6b133b775c23f841b13b36bcb53bddfaa271d983,Unproven Wallet,buy,Meridia,231.16745132989863,,89528.43,38.0,47.0,10.0
2026-05-09T15:26:43.000Z,0x7735e9ecb2323a1c24571a6bf7eff832c6a6274f,Unproven Wallet,sell,Meridia,27.532775104672925,,89528.43,38.0,47.0,10.0
2026-05-09T15:26:37.000Z,0x0499a7950be9d6a46f554402edef63467b27b19c,Unproven Wallet,sell,PENGACHU,558.1305925580193,,94256.42,25.0,45.0,15.0
2026-05-09T15:26:37.000Z,0xd9faf3a052b977da04c10b9bddc500bdce396a6e,Unproven Wallet,sell,BLOCKTRONICS,674.0919871875134,,63581.35,43.0,42.0,10.0
2026-05-09T15:26:35.000Z,0xb3c8a321c4138ef879063e86feb619ec8b620820,Unproven Wallet,buy,Meridia,69.26785388821285,,89528.43,38.0,47.0,10.0
2026-05-09T15:26:33.000Z,0x0066a7bacd7bcb0c80869ec5bd2b90d20bff53e8,Unproven Wallet,buy,BLOCKTRONICS,22.52094939831181,,63581.35,43.0,42.0,10.0
2026-05-09T15:26:33.000Z,0x4e15ae5a0d0c3a9256935978b6d9020e1862f5b9,Unproven Wallet,buy,NORMAL,32.09007651648132,,52320.68,43.0,40.0,15.0
2026-05-09T15:26:33.000Z,0x95bb7bb6cd4846f8d1fd5d513308b2df4aff4138,Unproven Wallet,sell,BLOCKTRONICS,328.8003679170375,,63581.35,43.0,42.0,10.0
2026-05-09T15:26:31.000Z,0x60305aa2e208ee7c35aa4a8cc7802efd11507662,Unproven Wallet,buy,Meridia,69.26789548348076,,89528.43,38.0,47.0,10.0
2026-05-09T15:26:31.000Z,0xc07891c0962347704d595da0ec487a5135ec70d8,Unproven Wallet,buy,PENGACHU,202.75197509208596,,94256.42,25.0,45.0,15.0
2026-05-09T15:26:29.000Z,0x341e6ba39bd71d7a2eae9523251b3d1d878cac59,Unproven Wallet,sell,NORMAL,251.87144546944967,,52320.68,43.0,40.0,15.0
2026-05-09T15:26:21.000Z,0x60305aa2e208ee7c35aa4a8cc7802efd11507662,Unproven Wallet,buy,Meridia,1168.6778042141825,,89528.43,38.0,47.0,10.0
2026-05-09T15:26:19.000Z,0xc429429dc26784ec4ba7582f6a2d709657b1576b,Unproven Wallet,sell,Meridia,145.35731347555034,,89528.43,38.0,47.0,10.0
2026-05-09T15:26:15.000Z,0xedcef3473a89c5700efe4fe92b392a0c0524a036,Unproven Wallet,buy,NORMAL,34.6312505912347,,52320.68,43.0,40.0,15.0
2026-05-09T15:26:13.000Z,0x1d3d8e87b8933f124a5881a6a6e501429a077a5a,Unproven Wallet,buy,BLOCKTRONICS,917.93271170731,,63581.35,43.0,42.0,10.0
2026-05-09T15:26:13.000Z,0x4bc7771e05d56df4f7625b29e11c897821fc494d,Unproven Wallet,buy,Meridia,696.1978279682115,,89528.43,38.0,47.0,10.0
2026-05-09T15:26:13.000Z,0x89d1d05b7c6f3c1cc20a381c5bca2e7395f88a45,Unproven Wallet,buy,PENGACHU,215.7277837846204,,94256.42,25.0,45.0,15.0
2026-05-09T15:26:13.000Z,0xdb654d658ce34b5e872e9c1ab5892b386f06bbb4,Unproven Wallet,sell,Meridia,89.30605057523762,,89528.43,38.0,47.0,10.0
2026-05-09T15:26:11.000Z,0xdb654d658ce34b5e872e9c1ab5892b386f06bbb4,Unproven Wallet,sell,Meridia,88.08998754160534,,89528.43,38.0,47.0,10.0
2026-05-09T15:26:09.000Z,0xf0101bb7b1dcc48718f32ad21725c339450463bc,Unproven Wallet,buy,Meridia,57.1389215725097,,89528.43,38.0,47.0,10.0
2026-05-09T15:26:07.000Z,0x040d4954167761cbc918df622d2d04130f3bb57d,Unproven Wallet,buy,PENGACHU,248.18146946477708,,94256.42,25.0,45.0,15.0
2026-05-09T15:26:07.000Z,0xce536f032284a3644160c002c4486b702a4b8651,Unproven Wallet,sell,NORMAL,128.09896808619806,,52320.68,43.0,40.0,15.0
2026-05-09T15:26:03.000Z,0x5aa54c95cc67cace25f8e494fea34db1fd8d74ed,Unproven Wallet,buy,BLOCKTRONICS,419.1874307512303,,63581.35,43.0,42.0,10.0
2026-05-09T15:26:01.000Z,0x4e8bacfc3be1d481460c3a89ab106c314d726af0,Unproven Wallet,sell,Meridia,77.37638103123663,,89528.43,38.0,47.0,10.0
2026-05-09T15:26:01.000Z,0xc958073fb392823b9173d6c712bd5aac22c20e26,Unproven Wallet,sell,NORMAL,222.7716162028234,,52320.68,43.0,40.0,15.0
2026-05-09T15:25:59.000Z,0x4d9006008d7a110a5d4257a35f54fdc1020aa1d1,Unproven Wallet,buy,BLOCKTRONICS,23.083453721212997,,63581.35,43.0,42.0,10.0
2026-05-09T15:25:59.000Z,0x6ef4a85cbf9df7b22c673c1e4a02a9fc1ffb1373,Unproven Wallet,buy,NORMAL,30.010843405845456,,52320.68,43.0,40.0,15.0
2026-05-09T15:25:59.000Z,0xc9103a4ee3b12ece93c8bb0be76170b1c2097f1c,Unproven Wallet,buy,Meridia,459.20477416316146,,89528.43,38.0,47.0,10.0
2026-05-09T15:25:57.000Z,0xf6ff95447e915af3c8208b5e089fbfa99f76f33f,Unproven Wallet,sell,Meridia,140.35342690650623,,89528.43,38.0,47.0,10.0
2026-05-09T15:25:55.000Z,0x81e7e2b8cb14f54e23dbc3b5817dd3f59fabd41f,Unproven Wallet,sell,NORMAL,445.51568168343204,,52320.68,43.0,40.0,15.0
2026-05-09T15:25:53.000Z,0x52d9ef948ce644d7a06b9201174568e2b54b8d18,Unproven Wallet,sell,Meridia,161.0083007395653,,89528.43,38.0,47.0,10.0
2026-05-09T15:25:51.000Z,0xc429429dc26784ec4ba7582f6a2d709657b1576b,Unproven Wallet,buy,Meridia,4.568376220521143,,89528.43,38.0,47.0,10.0
2026-05-09T15:25:51.000Z,0xfaf7520bf1883525c8f0f9d72c02923577794b75,Unproven Wallet,buy,NORMAL,229.44726029700306,,52320.68,43.0,40.0,15.0
2026-05-09T15:25:49.000Z,0x2e05ceda75a13fb3662edc6349d24e305a65bfa4,Unproven Wallet,buy,PENGACHU,261.63416613477483,,94256.42,25.0,45.0,15.0
2026-05-09T15:25:47.000Z,0x808fd4474f7c4f886d2c0e60f7065ffd825409f5,Unproven Wallet,sell,NORMAL,131.10489237608977,,52320.68,43.0,40.0,15.0
2026-05-09T15:25:45.000Z,0x6ca9abd7887798a8679e4750b06cfa47b87e545f,Unproven Wallet,sell,BLOCKTRONICS,374.51558598275665,,63581.35,43.0,42.0,10.0
2026-05-09T15:25:39.000Z,0xe7c36b5ab9aec902d83c7911eab3301b156f6e2f,Unproven Wallet,buy,Meridia,602.8241184524978,,89528.43,38.0,47.0,10.0
2026-05-09T15:25:37.000Z,0x1174d9b0844ce83bf11bee5e244f0b8a1200a505,Unproven Wallet,buy,BLOCKTRONICS,90.79189396476386,,63581.35,43.0,42.0,10.0
2026-05-09T15:25:37.000Z,0x3a83418753aa710e11cd0da4db7e909ebaf6e09d,Unproven Wallet,buy,NORMAL,272.0921619011451,,52320.68,43.0,40.0,15.0
2026-05-09T15:25:37.000Z,0xeac6ad0452da4a6037872d6be545eea9ee41df5d,Unproven Wallet,sell,BLOCKTRONICS,407.4326890027262,,63581.35,43.0,42.0,10.0
2026-05-09T15:25:35.000Z,0x52d9ef948ce644d7a06b9201174568e2b54b8d18,Unproven Wallet,sell,Meridia,136.61512724229542,,89528.43,38.0,47.0,10.0
2026-05-09T15:25:35.000Z,0xb40c641149105e04899570d628464d0aebf28dee,Unproven Wallet,sell,Meridia,216.76977192263575,,89528.43,38.0,47.0,10.0
2026-05-09T15:25:33.000Z,0x58cada58a4e7ad4e390aef7345552a0a407dcc00,Unproven Wallet,sell,Meridia,59.47035866512632,,89528.43,38.0,47.0,10.0
2026-05-09T15:25:33.000Z,0x9291f3430c412d183535f3d3466c0fdef2b7c8cd,Unproven Wallet,buy,Meridia,4.562157554502746,,89528.43,38.0,47.0,10.0
2026-05-09T15:25:31.000Z,0x38175a4f671dbfd6aa8f52ee441c371543de92d1,Unproven Wallet,buy,PENGACHU,598.1886432344886,,94256.42,25.0,45.0,15.0
2026-05-09T15:25:31.000Z,0x3e5c1a091bf9a06792c20cc6e8bf678029009a57,Unproven Wallet,buy,BLOCKTRONICS,276.4735590162089,,63581.35,43.0,42.0,10.0
2026-05-09T15:25:31.000Z,0x663ccd505de9c3f4991614045f3f3f3d51b6643b,Unproven Wallet,sell,BLOCKTRONICS,169.11073415011336,,63581.35,43.0,42.0,10.0
2026-05-09T15:25:29.000Z,0x58cada58a4e7ad4e390aef7345552a0a407dcc00,Unproven Wallet,sell,Meridia,119.0904072275791,,89528.43,38.0,47.0,10.0
2026-05-09T15:25:29.000Z,0xdb654d658ce34b5e872e9c1ab5892b386f06bbb4,Unproven Wallet,buy,Meridia,175.21622184661905,,89528.43,38.0,47.0,10.0
2026-05-09T15:25:27.000Z,0x3b5a3a08357c52be3a11e805654c9a14a5ab4095,Unproven Wallet,sell,NORMAL,26.62501634851012,,52320.68,43.0,40.0,15.0
2026-05-09T15:25:25.000Z,0x7cd219e1b63e9f02455b886b29bdee1b793d3470,Unproven Wallet,buy,Meridia,11.40692807985756,,89528.43,38.0,47.0,10.0
2026-05-09T15:25:25.000Z,0x9f8f747d19f785fd53bc9851ac5936bc5e32879b,Unproven Wallet,sell,Meridia,57.02205488186526,,89528.43,38.0,47.0,10.0
2026-05-09T15:25:21.000Z,0xc60a2298af0a62cd241ac8caadcb4adefe54c3de,Unproven Wallet,buy,NORMAL,1.6150503920002997,,52320.68,43.0,40.0,15.0
2026-05-09T15:25:17.000Z,0x43e8ef7c446be5614a457034389b3d079a690109,Unproven Wallet,sell,BLOCKTRONICS,280.0235183373734,,63581.35,43.0,42.0,10.0
2026-05-09T15:25:17.000Z,0x6ca9abd7887798a8679e4750b06cfa47b87e545f,Unproven Wallet,buy,BLOCKTRONICS,227.8588412243346,,63581.35,43.0,42.0,10.0
2026-05-09T15:25:15.000Z,0x84ccfdb16b82d9cbec7f4a9fbcb0ef0bc8f1f893,Unproven Wallet,buy,Meridia,80.82460890625329,,89528.43,38.0,47.0,10.0
2026-05-09T15:25:13.000Z,0x014606826101ea84571c6114e973cea378d2c951,Unproven Wallet,buy,PENGACHU,544.054209292178,,94256.42,25.0,45.0,15.0
2026-05-09T15:25:13.000Z,0xd166ff4ecb4aae97197a5c9987c2dee4a8676012,Unproven Wallet,sell,Meridia,176.4316508174828,,89528.43,38.0,47.0,10.0
2026-05-09T15:25:09.000Z,0xf1235794ff8cf5d864fa2ad9df18c9d698232c9d,Unproven Wallet,buy,Meridia,23.0774906115365,,89528.43,38.0,47.0,10.0
2026-05-09T15:25:07.000Z,0xb5236e6543b79b6571a8a073c9c0411bb9bf1346,Unproven Wallet,sell,NORMAL,79.70078162986395,,52320.68,43.0,40.0,15.0
2026-05-09T15:25:07.000Z,0xb7b26e88d0d2a405ecbb159b8e2948a35b6ec13b,Unproven Wallet,sell,PENGACHU,1293.2586258294111,,94256.42,25.0,45.0,15.0
2026-05-09T15:25:05.000Z,0x1223b0d67b95bdf271bc48966ac1a44f87c5b5f5,Unproven Wallet,sell,Meridia,677.9876884596272,,89528.43,38.0,47.0,10.0
2026-05-09T15:25:05.000Z,0x3616fd533f6589bd149aca8564b38230db58f851,Unproven Wallet,buy,NORMAL,23.05316460086642,,52320.68,43.0,40.0,15.0
2026-05-09T15:25:05.000Z,0x825999161688c64a13f7d4ea300aae5a5cf1a37c,Unproven Wallet,buy,Meridia,90.95556390788221,,89528.43,38.0,47.0,10.0
2026-05-09T15:25:05.000Z,0xf15d32a3359c17dd6daa92adba98b367f97cf9e8,Unproven Wallet,sell,NORMAL,31.340060132801014,,52320.68,43.0,40.0,15.0
2026-05-09T15:25:01.000Z,0xcb08691c9ef309230c1a15a57b1d6fd98ec9e56f,Unproven Wallet,buy,PENGACHU,365.42539728444024,,94256.42,25.0,45.0,15.0
2026-05-09T15:24:59.000Z,0x745a05cf514ebc5a6cf4ba91712f8edc196f999b,Unproven Wallet,sell,BLOCKTRONICS,344.74405625475487,,63581.35,43.0,42.0,10.0
2026-05-09T15:24:59.000Z,0xbd7c46dba65f8c15ff5ad3ddd7171c1f8db40e0c,Unproven Wallet,buy,BLOCKTRONICS,457.98611560516,,63581.35,43.0,42.0,10.0
2026-05-09T15:24:57.000Z,0x87ed33ef9b6d6939c3e951c6e094e7d0351f2cfd,Unproven Wallet,sell,NORMAL,291.7796307087241,,52320.68,43.0,40.0,15.0
2026-05-09T15:24:57.000Z,0xb3c8a321c4138ef879063e86feb619ec8b620820,Unproven Wallet,sell,Meridia,156.94847058420186,,89528.43,38.0,47.0,10.0
2026-05-09T15:24:55.000Z,0x52d9ef948ce644d7a06b9201174568e2b54b8d18,Unproven Wallet,buy,Meridia,338.13390524549004,,89528.43,38.0,47.0,10.0
2026-05-09T15:24:53.000Z,0x1ad0827ec016769ee5671a1383b25edcdd464403,Unproven Wallet,buy,PENGACHU,0.19817843056192933,,94256.42,25.0,45.0,15.0
2026-05-09T15:24:51.000Z,0x14f5aa0db153238ae7d94f1d20238b8ef0c2766f,Unproven Wallet,buy,NORMAL,0.6921516143964959,,52320.68,43.0,40.0,15.0
2026-05-09T15:24:51.000Z,0xabad3bf6996bead24b00092551dd43dfa9f8d35a,Unproven Wallet,sell,Meridia,89.86627863690812,,89528.43,38.0,47.0,10.0
2026-05-09T15:24:49.000Z,0xcaec4332c2d427729041a2dd0eb5eb8100d1d43d,Unproven Wallet,buy,BLOCKTRONICS,159.76162815286335,,63581.35,43.0,42.0,10.0
2026-05-09T15:24:47.000Z,0x42bec6558fad0bbcefe6c2a362025218e30a9443,Unproven Wallet,buy,Meridia,91.45440111597775,,89528.43,38.0,47.0,10.0
2026-05-09T15:24:47.000Z,0xcb393486a675fac8dc785abe6703ea9c8cb13a1a,Unproven Wallet,sell,Meridia,1.6171561362730538,,89528.43,38.0,47.0,10.0
2026-05-09T15:24:43.000Z,0x95eca1a7672028007fa5d7a6eb0a8a4e33d2b29e,Unproven Wallet,buy,NORMAL,9.657232088244049,,52320.68,43.0,40.0,15.0
2026-05-09T15:24:41.000Z,0x9f8f747d19f785fd53bc9851ac5936bc5e32879b,Unproven Wallet,buy,Meridia,57.716399157345485,,89528.43,38.0,47.0,10.0
2026-05-09T15:24:39.000Z,0x9134fc043e83df562d6a5d126a312f67f0dd0cc0,Unproven Wallet,sell,BLOCKTRONICS,0.49515464182402924,,63581.35,43.0,42.0,10.0
2026-05-09T15:24:39.000Z,0xea9ceab5193e5981f68473247ce2b5dbc30feeb4,Unproven Wallet,sell,NORMAL,554.6085970839422,,52320.68,43.0,40.0,15.0
2026-05-09T15:24:39.000Z,0xeac6ad0452da4a6037872d6be545eea9ee41df5d,Unproven Wallet,buy,BLOCKTRONICS,814.0155981530645,,63581.35,43.0,42.0,10.0
2026-05-09T15:24:37.000Z,0x210e418ccfe9381d23dd025f22b785f0e22fc3e0,Unproven Wallet,buy,Meridia,23.077467683503645,,89528.43,38.0,47.0,10.0
2026-05-09T15:24:31.000Z,0x2a17ee5ff3cc05be1c1309a4b2dfd94dbb92c07b,Unproven Wallet,sell,NORMAL,16.770302897538514,,52320.68,43.0,40.0,15.0
2026-05-09T15:24:31.000Z,0x72421093766dd5c66503c5290f358a311480234a,Unproven Wallet,sell,PENGACHU,1013.1230734786695,,94256.42,25.0,45.0,15.0
2026-05-09T15:24:31.000Z,0xa25799e24a5a3f1575f92b3da314606cb0577a04,Unproven Wallet,buy,Meridia,69.26882994203353,,89528.43,38.0,47.0,10.0
2026-05-09T15:24:29.000Z,0x38424843732508f938617c8fff260cffe17897c5,Unproven Wallet,sell,BLOCKTRONICS,187.39131728039254,,63581.35,43.0,42.0,10.0
2026-05-09T15:24:29.000Z,0x3e5c1a091bf9a06792c20cc6e8bf678029009a57,Unproven Wallet,buy,BLOCKTRONICS,34.33831814781267,,63581.35,43.0,42.0,10.0
2026-05-09T15:24:29.000Z,0x7c56822fb0eff0e4aed42f00820dc17afe48dc31,Unproven Wallet,buy,NORMAL,57.7438401291889,,52320.68,43.0,40.0,15.0
2026-05-09T15:24:27.000Z,0xb40c641149105e04899570d628464d0aebf28dee,Unproven Wallet,sell,Meridia,188.95083144295205,,89528.43,38.0,47.0,10.0
2026-05-09T15:24:25.000Z,0xe38c1caf22cd913b166286040c55133616a36ae0,Unproven Wallet,buy,PENGACHU,251.65767636375327,,94256.42,25.0,45.0,15.0
2026-05-09T15:24:23.000Z,0x0256c8aab18e0314e58bea66a9a9633879690535,Unproven Wallet,sell,Meridia,174.41089496308484,,89528.43,38.0,47.0,10.0
2026-05-09T15:24:23.000Z,0x77d3c7f1cbdb39af06e85e7207d2f75e3f00c253,Unproven Wallet,buy,Meridia,31.953760438503416,,89528.43,38.0,47.0,10.0
2026-05-09T15:24:19.000Z,0x81e7e2b8cb14f54e23dbc3b5817dd3f59fabd41f,Unproven Wallet,buy,NORMAL,463.50445011031087,,52320.68,43.0,40.0,15.0
2026-05-09T15:24:19.000Z,0x88464b55df5c4920af052b61445bf9171cb68c89,Unproven Wallet,sell,NORMAL,116.79346724764807,,52320.68,43.0,40.0,15.0
2026-05-09T15:24:15.000Z,0x408d0d32b7d8e63d9a780b974c0bbadc9da21b68,Unproven Wallet,sell,NORMAL,27.038483303182936,,52320.68,43.0,40.0,15.0
2026-05-09T15:24:13.000Z,0x33a8e269593defc0ef58d26a38a9ff3a90e050d8,Unproven Wallet,buy,Meridia,114.69875172197389,,89528.43,38.0,47.0,10.0
2026-05-09T15:24:13.000Z,0x38ce1d89462bc8c36afb0961c752bdb255cfc39b,Unproven Wallet,buy,PENGACHU,341.25272165655247,,94256.42,25.0,45.0,15.0
2026-05-09T15:24:05.000Z,0x5d38c466dd3204a91bce0b38060cc0b52f036505,Unproven Wallet,buy,BLOCKTRONICS,466.32989870579684,,63581.35,43.0,42.0,10.0
2026-05-09T15:24:05.000Z,0x8e1e8cd8b107fb138b3e82e53a3cb8c714d87a5e,Unproven Wallet,sell,Meridia,142.73655511065908,,89528.43,38.0,47.0,10.0
2026-05-09T15:24:05.000Z,0xd166ff4ecb4aae97197a5c9987c2dee4a8676012,Unproven Wallet,sell,Meridia,153.4272288058689,,89528.43,38.0,47.0,10.0
2026-05-09T15:24:03.000Z,0x4b858187a8036b38998ff8384d3cc93ce79c9333,Unproven Wallet,buy,Meridia,5.710542023345088,,89528.43,38.0,47.0,10.0
2026-05-09T15:24:01.000Z,0x15927262b4ad47a3a741bd28df2d5df560507ade,Unproven Wallet,buy,NORMAL,138.80812623160378,,52320.68,43.0,40.0,15.0
2026-05-09T15:24:01.000Z,0x3eb7a76014648b55f5e3baf6ae096039e0691510,Unproven Wallet,sell,NORMAL,189.88389776468406,,52320.68,43.0,40.0,15.0
2026-05-09T15:24:01.000Z,0xc5104196baca422503c8776f6033fa27883cb381,Unproven Wallet,buy,PENGACHU,225.23199203965575,,94256.42,25.0,45.0,15.0
2026-05-09T15:23:55.000Z,0x33f5c63bd5ca5946bb88821e128edc405622d722,Unproven Wallet,sell,BLOCKTRONICS,195.2708569844614,,63581.35,43.0,42.0,10.0
2026-05-09T15:23:55.000Z,0xedd290e3a4eba68cacb291c6d4eea410c75b7934,Unproven Wallet,buy,PENGACHU,347.30045146501465,,94256.42,25.0,45.0,15.0
2026-05-09T15:23:51.000Z,0x14da3ca53e45de04704638c8f7dc4a8acd4a3f3d,Unproven Wallet,buy,Meridia,92.10968550637551,,89528.43,38.0,47.0,10.0
